web_scraper_order,web_scraper_start_url,data-page-selector,data_3,name_0,priceCurrency_0,brand_0,price_0,description_0,Savings_0,Country_0,Fuel_Type_0,Body_Type_0,Condition_0,Engine_Power_(hp)_0,Volume_(l)_0,Drive_0,Gearbox_Type_0,Seats_0,Range_(km)_0,Description_0,Question_Count_0,image_23
"1769972536-1","https://mejdukoles.by/ves-katalog-cat/fvs/sostoyanie_noviy/tip-topliva_benzin","https://mejdukoles.by/ves-katalog-cat/mazda-cx-5-2025-model-automatic-two-wheel-drive-smart-edition-pearl-white-2004038825","$14 887","BYD Seal 05 2025 Intelligent Driving Edition Luxury White/Gray","USD","Mazda","$13 400","Mazda CX-5 2025 Model Automatic Two-Wheel Drive Smart Edition Pearl White — это обновлённый компактный SUV, сочетающий фирменный дизайн Kodo, высокое качество сборки и расширенный набор технологий. Модель оснащается 2.0-литровым бензиновым двигателем Skyactiv-G и 6-ступенчатой автоматической коробкой передач. Цвет кузова Snowflake White Pearl Mica придаёт автомобилю элегантный и современный вид.

Комплектация Smart Edition включает 10.25-дюймовый центральный экран Mazda Connect, беспроводной Apple CarPlay / Android Auto, систему безопасности i-Activsense (автоматическое торможение, удержание в полосе, адаптивный круиз-контроль), подогрев передних сидений и руля, а также двухзонный климат-контроль. Салон выполнен в премиальной тканево-кожаной отделке с чёрной или серой гаммой.

ВСЕ ХАРАКТЕРИСТИКИ:

мощность двигателя 155 л.с. (114 кВт)
максимальная скорость 193 км/ч
компактный SUV класса C, габариты 4575×1840×1680 мм
разгон до сотни 10.2 секунды
объём двигателя 2.0 л (бензин, Skyactiv-G)
передний привод
топливный бак 56 л
расход топлива 6.8 л/100 км (смешанный цикл)

Безопасность и ассистенты:

легкосплавные диски R17
пакет активной безопасности Mazda i-Activsense
автоматическое экстренное торможение (AEB)
система удержания в полосе (LAS)
адаптивный круиз-контроль (MRCC)
контроль слепых зон (BSM) с предупреждением при перестроении
6 подушек безопасности
парктроники задние
камера заднего вида с динамической разметкой
система контроля давления в шинах

Дизайн и комфорт:

светодиодные фары и дневные ходовые огни
частично кожаный салон (черный/серый) с контрастной прострочкой
кожаный мультируль с подогревом
10.25-дюймовый центральный экран Mazda Connect
беспроводной Apple CarPlay и Android Auto
двухзонный автоматический климат-контроль
подогрев передних сидений и руля
аудиосистема Bose с 10 динамиками (в зависимости от рынка)
электропривод багажника
складывающиеся задние сиденья 40/20/40","экономия $2 714","Китай","ДВС","SUV","Новый","155","2.0","Передний","Автомат","5","ДВС","Mazda CX-5 2025 Model Automatic Two-Wheel Drive Smart Edition Pearl White — это обновлённый компактный SUV, сочетающий фирменный дизайн Kodo, высокое качество сборки и расширенный набор технологий. Модель оснащается 2.0-литровым бензиновым двигателем Skyactiv-G и 6-ступенчатой автоматической коробкой передач. Цвет кузова Snowflake White Pearl Mica придаёт автомобилю элегантный и современный вид.","$0","https://mejdukoles.by/image/cache/catalog/dongchedi/20040388/4ojyHGlrYKUo08Paj88DpR_e8gU-100x100.jpg.webp
https://mejdukoles.by/image/cache/catalog/dongchedi/20040388/2025-cx-5-mobile-fwbi-100x100.jpg.webp
https://mejdukoles.by/image/cache/catalog/dongchedi/20040388/2025-mazda-cx-5-crossover-suv_de-100x100.jpg.webp"
"1769972545-2","https://mejdukoles.by/ves-katalog-cat/fvs/sostoyanie_noviy/tip-topliva_benzin","https://mejdukoles.by/ves-katalog-cat/mazda-ez-60-200-pro-2025-gray-exterior-gray-interior-2004038803","$14 332","Changan X5 PLUS 2026 Second Generation 1.5T Pioneer PRO White/Gray","USD","Mazda","$12 900","Mazda EZ-60 200 Pro (2025) — гибридный SUV класса «D бизнес», оснащённый батареей 31.7 кВт·ч и запасом хода до 200 км. Электродвигатель мощностью 258 л.с. обеспечивает движение, а бензиновый ДВС 1.5 л (98 л.с.) работает как генератор.
Разгон до 100 км/ч занимает около 8 секунд, максимальная скорость — 185 км/ч.


ВСЕ ХАРАКТЕРИСТИКИ:

Батарея: 31.7 кВт·ч
Запас хода: 200 км
Максимальная скорость: 185 км/ч
Мощность электродвигателя: 258 л.с.
Мощность ДВС-генератора: 98 л.с.
Разгон 0–100 км/ч: 8 секунд
Объем двигателя: 1.5 л
Привод: задний
Тип КПП: автоматическая, 1‑ступенчатая
Тип топлива: бензин + электричество
Класс: D бизнес
Тип кузова: SUV (кроссовер)
Количество мест: 5


Безопасность и ассистенты:

ABS, ESP, система стабилизации
Фронтальные и боковые подушки безопасности
Адаптивный круиз‑контроль
Система помощи при старте в гору
Камера кругового обзора


Дизайн и комфорт:

Серый кузов, серый салон
Цифровая приборная панель
Мультимедийная система с большим экраном
Электрорегулировка сидений
Двухзонный климат‑контроль
Панорамная крыша","экономия $31","Китай","Гибрид","Внедорожник","Новый","258","1.5","Задний","Автомат","5","Гибрид","Mazda EZ-60 200 Pro (2025) — гибридный SUV класса «D бизнес», оснащённый батареей 31.7 кВт·ч и запасом хода до 200 км. Электродвигатель мощностью 258 л.с. обеспечивает движение, а бензиновый ДВС 1.5 л (98 л.с.) работает как генератор.","$0","https://mejdukoles.by/image/cache/catalog/dongchedi/20040388/01%202025-mazda-ez-60-100x100.jpg.webp
https://mejdukoles.by/image/cache/catalog/dongchedi/20040388/02%20ez60-front-100x100.jpg.webp
https://mejdukoles.by/image/cache/catalog/dongchedi/20040388/03%20ez60-rear-100x100.jpg.webp
https://mejdukoles.by/image/cache/catalog/dongchedi/20040388/04%20ez60-int-0-100x100.jpg.webp
https://mejdukoles.by/image/cache/catalog/dongchedi/20040388/05%20ez60-int-1-100x100.jpg.webp
https://mejdukoles.by/image/cache/catalog/dongchedi/20040388/06%20ez60-int-2-100x100.jpg.webp"
"1769972573-3","https://mejdukoles.by/ves-katalog-cat/fvs/sostoyanie_noviy/tip-topliva_benzin","https://mejdukoles.by/ves-katalog-cat/changan-cs75-plus-2025-fourth-generation-blue-whale-smart-premium-edition-gray-2004038863","$31 331","Mazda EZ-60 200 Pro 2025 Gray exterior / Gray interior","USD","Changan","$31 300","Changan CS75 PLUS 2025 — это обновлённый компактный SUV четвёртого поколения с турбированным 1.5-литровым двигателем Blue Whale, сочетающий спортивный дизайн, цифровой салон и расширенные технологии помощи водителю. Модель построена на усиленной платформе с улучшенной шумоизоляцией и оснащается 8-ступенчатой автоматической коробкой передач, обеспечивая плавную динамику и комфорт в городских условиях.
С точки зрения технологий и удобства, автомобиль предлагает полностью цифровую приборную панель, поворотный мультимедийный экран диагональю 14.6 дюйма, поддержку беспроводного CarPlay/Android Auto, а также продвинутый пакет систем безопасности, включая адаптивный круиз-контроль, автоматическую парковку и распознавание дорожных знаков.ВСЕ ХАРАКТЕРИСТИКИ:мощность двигателя 190 л.с. (141 кВт)объём двигателя 1.5 л (турбонаддув Blue Whale)передний приводтип КПП: 8-ступенчатый автоматгабариты: 4710×1865×1730 ммколёсная база: 2710 ммклиренс: 190 ммрасход топлива (смешанный цикл): ~6.9 л/100 кмБезопасность и ассистенты:﻿6 подушек безопасностиABS + EBD + BAESP / DSCавтоматическое экстренное торможение (AEB)система удержания в полосе (LKA)адаптивный круиз-контроль (ACC)мониторинг слепых зон (BSD)предупреждение о перекрёстном движении сзади (RCTA)парктроники спереди и сзадикамера заднего видасистема кругового обзора 360°автоматическая парковка (APA)распознавание дорожных знаков (TSR)Дизайн и комфорт:двухцветный экстерьер (чёрная крыша опционально)панорамная крышаLED-фары с последовательными поворотникамицифровая приборная панель 12.3 дюймацентральный сенсорный экран 14.6 дюйма (поворотный)сиденья из премиальной эко-кожиэлектрорегулировка и память положения водительского сиденьяподогрев и вентиляция передних сиденийдвухзонный климат-контроль с фильтрацией воздухамногослойное акустическое стеклобеспроводная зарядка для смартфонов","экономия $1 832","Китай","ДВС","SUV","Новый","190","1.5","Передний","Автомат","5","ДВС","Changan CS75 PLUS 2025 — это обновлённый компактный SUV четвёртого поколения с турбированным 1.5-литровым двигателем Blue Whale, сочетающий спортивный дизайн, цифровой салон и расширенные технологии помощи водителю. Модель построена на усиленной платформе с улучшенной шумоизоляцией и оснащается 8-ступенчатой автоматической коробкой передач, обеспечивая плавную динамику и комфорт в городских условиях.","$0","https://mejdukoles.by/image/cache/catalog/dongchedi/20040388/Changan%20CS75%20PLUS%202025%20Premium%20Edition%20%282%29-100x100.jpg.webp
https://mejdukoles.by/image/cache/catalog/dongchedi/20040388/Changan%20CS75%20PLUS%202025%20Premium%20Edition%20%284%29-100x100.jpg.webp
https://mejdukoles.by/image/cache/catalog/dongchedi/20040388/Changan%20CS75%20PLUS%202025%20Premium%20Edition%20%283%29-100x100.jpg.webp
https://mejdukoles.by/image/cache/catalog/dongchedi/20040388/Changan%20CS75%20PLUS%202025%20Premium%20Edition%20%281%29-100x100.jpg.webp"
"1769972602-4","https://mejdukoles.by/ves-katalog-cat/fvs/sostoyanie_noviy/tip-topliva_benzin","https://mejdukoles.by/ves-katalog-cat/byd-qin-l-dm-i-2025-intelligent-driving-version-leading-edition-whitegrey-2004038841","","AITO M9 Ultra 6 seats гибрид (2025)","USD","BYD","","BYD Qin L DM-i 2025 Intelligent Driving Version Leading Edition White/Grey — это передовой гибридный седан среднего класса на новой платформе BYD DM-i 5.0, сочетающий экономичность, дальность хода и современный дизайн. Модель оснащена 1.5-литровым турбированным бензиновым двигателем и передним электромотором, а также литий-железофосфатной «Blade» батареей ёмкостью 10,1 кВт·ч, обеспечивающей чисто электрический запас хода до 80 км по циклу WLTC. Экстерьер выполнен в классическом белом цвете, интерьер — в светло-серой гамме с премиальной отделкой.
Суммарная мощность гибридной силовой установки составляет 218 л.с. (160 кВт). Автомобиль расходует всего 3,8 л/100 км в смешанном цикле и может проехать более 1 300 км без дозаправки. В комплектацию Leading Edition входят 15,6-дюймовый поворотный мультимедийный экран, цифровая приборная панель 10,25 дюйма, система DiPilot уровня L2, подогрев передних сидений, двухзонный климат-контроль и панорамная крыша.ВСЕ ХАРАКТЕРИСТИКИ:запас хода 80 км (WLTC, электрический)мощность двигателя 160 кВт (218 л.с.)максимальная скорость 185 км/чсреднеразмерный седан класса C, габариты 4830×1900×1495 ммразгон до сотни 7,5 секунды батарея 10,1 кВт/ч (литий-железо-фосфатная «Blade»)передний приводобъём двигателя 1,5 л (турбо, бензин)Безопасность и ассистенты:﻿легкосплавные диски R17пакет активной безопасности (EBD/CBC EBA/BA TCS/ASR ESP/DSC)автопилот уровень L2активное торможениеудержание в полосе с центрированиемавтоматический ассистент смены полосы движенияраспознавание дорожных знаковадаптивный полноскоростной круиз-контроль6 подушек безопасностипарктроники передние и задниекамера заднего видасистема кругового обзора 360 (прозрачный автомобиль)видеорегистраторполуавтоматическая парковкаДизайн и комфорт:экстерьер: White (Crystal White)панорамная стеклянная крышамультируль с цифровой приборной панелью 10,25 дюймовцентральная мультимедийная консоль 15,6 дюйма (Android-based)сиденья из эко-кожи с серыми вставкамиподогрев передних сиденийаудиосистема с 8 динамикамитонированные задние стекладвухзонный климат-контроль с фильтрацией и ионизацией воздухамногослойное звукоизоляционное остекление","экономия $1 804","Китай","Гибрид","Седан","Новый","Новый","1.5","Передний","Автомат","5","5","BYD Qin L DM-i 2025 Intelligent Driving Version Leading Edition White/Grey — это передовой гибридный седан среднего класса на новой платформе BYD DM-i 5.0, сочетающий экономичность, дальность хода и современный дизайн. Модель оснащена 1.5-литровым турбированным бензиновым двигателем и передним электромотором, а также литий-железофосфатной «Blade» батареей ёмкостью 10,1 кВт·ч, обеспечивающей чисто электрический запас хода до 80 км по циклу WLTC. Экстерьер выполнен в классическом белом цвете, интерьер — в светло-серой гамме с премиальной отделкой.","$0","https://mejdukoles.by/image/cache/catalog/dongchedi/20040388/BYD%20Qin%20L%20DM-i%202025%20%281%29-100x100.png.webp
https://mejdukoles.by/image/cache/catalog/dongchedi/20040388/BYD%20Qin%20L%20DM-i%202025%20%282%29-100x100.png.webp
https://mejdukoles.by/image/cache/catalog/dongchedi/20040388/BYD%20Qin%20L%20DM-i%202025%20%283%29-100x100.png.webp
https://mejdukoles.by/image/cache/catalog/dongchedi/20040388/BYD%20Qin%20L%20DM-i%202025%20%284%29-100x100.png.webp
https://mejdukoles.by/image/cache/catalog/dongchedi/20040388/BYD%20Qin%20L%20DM-i%202025%20%281%29-100x100.jpg.webp
https://mejdukoles.by/image/cache/catalog/dongchedi/20040388/BYD%20Qin%20L%20DM-i%202025%20%282%29-100x100.jpg.webp"
"1769972625-5","https://mejdukoles.by/ves-katalog-cat/fvs/sostoyanie_noviy/tip-topliva_benzin","https://mejdukoles.by/ves-katalog-cat/changan-cs75-2025-pr0-15t-dct-advanced-7-seater-whitegray-2004038862","$18 332","Changan CS75 PLUS 2025 Fourth Generation Blue Whale Smart Premium Edition Gray","USD","Changan","$16 500","Changan CS75 2025 — это компактный SUV с турбированным 1.5-литровым двигателем и 7-местной компоновкой салона, предлагающий современный дизайн, расширенную комплектацию и адаптированную под городскую эксплуатацию динамику. Модель оснащается 7-ступенчатой роботизированной коробкой передач DCT и передним приводом, обеспечивая баланс между экономичностью и комфортом.
С точки зрения технологий и удобства, автомобиль предлагает цифровую приборную панель, мультимедийную систему с поддержкой Android Auto и Apple CarPlay, а также комплекс активной безопасности, включающий адаптивный круиз-контроль, систему удержания в полосе и автоматическое экстренное торможение.ВСЕ ХАРАКТЕРИСТИКИ:мощность двигателя 188 л.с. (138 кВт)объём двигателя 1.5 л (турбонаддув)передний приводтип КПП: 7-ступенчатая DCTгабариты: 4700×1865×1710 ммколёсная база: 2710 ммклиренс: 190 ммрасход топлива (смешанный цикл): ~7.0 л/100 кмБезопасность и ассистенты:﻿6 подушек безопасностисистема ABS + EBDESP / DSCавтоматическое экстренное торможение (AEB)система удержания в полосе (LKA)адаптивный круиз-контроль (ACC)парктроники спереди и сзадикамера заднего видасистема кругового обзора 360°мониторинг слепых зон (BSM)предупреждение о выходе из полосы (LDW)Дизайн и комфорт:двухцветный салон (серый/белый)эко-кожаные сиденья с отделкой контрастной строчкойтретий ряд сидений (7 мест)мультифункциональный кожаный рульцифровая приборная панель 10.25 дюймовцентральный сенсорный экран 12.3 дюймадвухзонный климат-контрольподогрев передних сиденийэлектропривод складывания задних сиденийпанорамная крыша (в зависимости от рынка)светодиодные фары и задние фонари","экономия $2 126","Китай","ДВС","SUV","Новый","188","1.5","Передний","Автомат","7","ДВС","Changan CS75 2025 — это компактный SUV с турбированным 1.5-литровым двигателем и 7-местной компоновкой салона, предлагающий современный дизайн, расширенную комплектацию и адаптированную под городскую эксплуатацию динамику. Модель оснащается 7-ступенчатой роботизированной коробкой передач DCT и передним приводом, обеспечивая баланс между экономичностью и комфортом.","$0","https://mejdukoles.by/image/cache/catalog/dongchedi/20040388/Changan%20CS75%202025%20PR0%20Advanced%207-seater%20%281%29-100x100.jpg.webp
https://mejdukoles.by/image/cache/catalog/dongchedi/20040388/Changan%20CS75%202025%20PR0%20Advanced%207-seater%20%283%29-100x100.jpg.webp
https://mejdukoles.by/image/cache/catalog/dongchedi/20040388/Changan%20CS75%202025%20PR0%20Advanced%207-seater%20%282%29-100x100.jpg.webp"
"1769972632-6","https://mejdukoles.by/ves-katalog-cat/fvs/sostoyanie_noviy/tip-topliva_benzin","https://mejdukoles.by/ves-katalog-cat/byd-destroyer-05-2025-navigator-edition-whitegray-2004038834","","Zeekr 001 WE 2WD 95 кВт/ч","USD","BYD","","BYD Destroyer 05 2025 Navigator Edition White/Gray — это современный гибридный седан на платформе DM-i 5.0, сочетающий динамичный дизайн в стиле «боевой корабль», высокую топливную экономичность и расширенный набор технологий. Модель оснащена 1.5-литровым турбированным бензиновым двигателем и передним электромотором, а также литий-железофосфатной «Blade» батареей ёмкостью 8,3 кВт·ч, обеспечивающей чисто электрический запас хода до 55 км по циклу WLTC. Экстерьер выполнен в классическом белом цвете, интерьер — в светло-серой гамме с премиальной отделкой.
Суммарная мощность гибридной силовой установки составляет 197 л.с. (145 кВт). Автомобиль расходует всего 3,8 л/100 км в смешанном цикле и может проехать более 1 200 км без дозаправки. Комплектация Navigator Edition включает 12,8-дюймовый поворотный мультимедийный экран, цифровую приборную панель, систему DiPilot с функциями удержания в полосе и адаптивного круиз-контроля, подогрев передних сидений и двухзонный климат-контроль.ВСЕ ХАРАКТЕРИСТИКИ:запас хода 55 км (WLTC, электрический)мощность двигателя 145 кВт (197 л.с.)максимальная скорость 185 км/чсреднеразмерный седан класса C, габариты 4780×1835×1495 ммразгон до сотни 7,9 секунды батарея 8,3 кВт/ч (литий-железо-фосфатная «Blade»)передний приводобъём двигателя 1,5 л (турбо, бензин)Безопасность и ассистенты:﻿легкосплавные диски R16пакет активной безопасности (EBD/CBC EBA/BA TCS/ASR ESP/DSC)автопилот уровень L2активное торможениеудержание в полосе с центрированиемавтоматический ассистент смены полосы движенияраспознавание дорожных знаковадаптивный полноскоростной круиз-контроль6 подушек безопасностипарктроники задниекамера заднего видасистема мониторинга слепых зонвидеорегистраторполуавтоматическая парковкаДизайн и комфорт:экстерьер: White (Crystal White)светодиодные фары и дневные ходовые огнимультируль с цифровой приборной панелью 8,8 дюймовцентральная мультимедийная консоль 12,8 дюймов (Android-based)сиденья из эко-кожи с серыми вставкамиподогрев передних сиденийаудиосистема с 6 динамикамитонированные задние стекладвухзонный климат-контрользвукоизоляционное остекление","экономия $1 510","Китай","Гибрид","Седан","Новый","Новый","1.5","Передний","Автомат","5","5","BYD Destroyer 05 2025 Navigator Edition White/Gray — это современный гибридный седан на платформе DM-i 5.0, сочетающий динамичный дизайн в стиле «боевой корабль», высокую топливную экономичность и расширенный набор технологий. Модель оснащена 1.5-литровым турбированным бензиновым двигателем и передним электромотором, а также литий-железофосфатной «Blade» батареей ёмкостью 8,3 кВт·ч, обеспечивающей чисто электрический запас хода до 55 км по циклу WLTC. Экстерьер выполнен в классическом белом цвете, интерьер — в светло-серой гамме с премиальной отделкой.","$0","https://mejdukoles.by/image/cache/catalog/dongchedi/20040388/BYD%20Destroyer%2005%202025%20%281%29-100x100.jpg.webp
https://mejdukoles.by/image/cache/catalog/dongchedi/20040388/BYD%20Destroyer%2005%202025%20%282%29-100x100.jpg.webp
https://mejdukoles.by/image/cache/catalog/dongchedi/20040388/BYD%20Destroyer%2005%202025%20%283%29-100x100.jpg.webp
https://mejdukoles.by/image/cache/catalog/dongchedi/20040388/BYD%20Destroyer%2005%202025%20%284%29-100x100.jpg.webp
https://mejdukoles.by/image/cache/catalog/dongchedi/20040388/BYD%20Destroyer%2005%202025%20%285%29-100x100.jpg.webp
https://mejdukoles.by/image/cache/catalog/dongchedi/20040388/BYD%20Destroyer%2005%202025%20%286%29-100x100.jpg.webp"
"1769972642-7","https://mejdukoles.by/ves-katalog-cat/fvs/sostoyanie_noviy/tip-topliva_benzin","https://mejdukoles.by/ves-katalog-cat/changan-cs75-2025-pro-15tdct-enjoy-edition-white-2004038861","$17 276","Changan CS75 2025 PR0 1.5T DCT Advanced 7-seater White/Gray","USD","Changan","$15 150","Changan CS75 2025 PRO 1.5TDCT Enjoy Edition White/Gray — это практичный семиместный компактный SUV, ориентированный на семейное использование и активно продвигаемый на экспортных рынках СНГ и Ближнего Востока. Модель оснащается турбированным 1.5-литровым двигателем Blue Whale мощностью 188 л.с. и 7-ступенчатой роботизированной коробкой передач с двойным сцеплением (DCT). Экстерьер выполнен в популярном цвете White, интерьер — в светло-серой гамме, что обеспечивает ощущение простора и свежести в салоне.
Комплектация Enjoy Edition включает цифровую приборную панель 10,25 дюйма, центральный мультимедийный экран 12,3 дюйма с поддержкой Android Auto и Apple CarPlay, климат-контроль для второго ряда, подогрев передних сидений и базовый пакет систем безопасности Changan Pilot уровня L1+. Автомобиль предлагает высокую функциональность, вместительность и надёжность по доступной цене.ВСЕ ХАРАКТЕРИСТИКИ:мощность двигателя 138 кВт (188 л.с.)максимальная скорость 190 км/чкомпактный SUV класса C, габариты 4700×1865×1710 ммразгон до сотни 9,8 секунды объём двигателя 1,5 л (турбированный бензин, Blue Whale)передний приводтопливный бак 58 лрасход топлива 7,1 л/100 км (смешанный цикл)Безопасность и ассистенты:﻿легкосплавные диски R17пакет активной безопасности (EBD/CBC EBA/BA TCS/ASR ESP/DSC)автопилот уровень L1+автоматическое экстренное торможениесистема удержания в полосеадаптивный круиз-контроль (ограниченный диапазон)распознавание дорожных знаков6 подушек безопасностипарктроники задниекамера заднего видасистема контроля давления в шинахДизайн и комфорт:экстерьер: White (один из самых популярных цветов для CS75 PRO на экспортных рынках)светодиодные фары и дневные ходовые огнимультируль с цифровой приборной панелью 10,25 дюймацентральная мультимедийная консоль 12,3 дюйма (Android-based)сиденья из комбинированной ткани и эко-кожи, серого цветаподогрев передних сиденийклимат-контроль для второго рядааудиосистема с 6 динамикамитретий ряд сидений 50/50 со складываниемэлектропривод багажника","экономия $1 682","Китай","ДВС","SUV","Новый","188","1.5","Передний","Автомат","7","ДВС","Changan CS75 2025 PRO 1.5TDCT Enjoy Edition White/Gray — это практичный семиместный компактный SUV, ориентированный на семейное использование и активно продвигаемый на экспортных рынках СНГ и Ближнего Востока. Модель оснащается турбированным 1.5-литровым двигателем Blue Whale мощностью 188 л.с. и 7-ступенчатой роботизированной коробкой передач с двойным сцеплением (DCT). Экстерьер выполнен в популярном цвете White, интерьер — в светло-серой гамме, что обеспечивает ощущение простора и свежести в салоне.","$0","https://mejdukoles.by/image/cache/catalog/dongchedi/20040388/Changan%20CS75%202025%20PRO%20Enjoy%20Edition%20%282%29-100x100.jpg.webp
https://mejdukoles.by/image/cache/catalog/dongchedi/20040388/Changan%20CS75%202025%20PRO%20Enjoy%20Edition%20%281%29-100x100.jpg.webp
https://mejdukoles.by/image/cache/catalog/dongchedi/20040388/Changan%20CS75%202025%20PRO%20Enjoy%20Edition%20%283%29-100x100.jpg.webp
https://mejdukoles.by/image/cache/catalog/dongchedi/20040388/Changan%20CS75%202025%20PRO%20Enjoy%20Edition%20%284%29-100x100.jpg.webp"
"1769972649-8","https://mejdukoles.by/ves-katalog-cat/fvs/sostoyanie_noviy/tip-topliva_benzin","https://mejdukoles.by/ves-katalog-cat/byd-seal-05-2025-intelligent-driving-edition-luxury-whitegray-2004038833","$15 110","BYD Destroyer 05 2025 Navigator Edition White/Gray","USD","BYD","$13 600","BYD Seal 05 2025 Intelligent Driving Edition Luxury White/Gray — это современный гибридный седан на платформе DM-i 5.0, сочетающий элегантный дизайн, высокий уровень комфорта и передовые технологии. Модель оснащена 1.5-литровым турбированным бензиновым двигателем и передним электромотором, а также литий-железофосфатной «Blade» батареей ёмкостью 8,3 кВт·ч, обеспечивающей чисто электрический запас хода до 55 км по циклу WLTC. Экстерьер выполнен в классическом белом цвете, интерьер — в светло-серой гамме с премиальной отделкой.
Суммарная мощность гибридной силовой установки составляет 197 л.с. (145 кВт). Автомобиль расходует всего 3,8 л/100 км в смешанном цикле и может проехать более 1 200 км без дозаправки. В комплектацию Luxury входят 15,6-дюймовый поворотный мультимедийный экран, цифровая приборная панель, система DiPilot уровня L2, подогрев и вентиляция передних сидений, двухзонный климат-контроль и панорамная крыша.ВСЕ ХАРАКТЕРИСТИКИ:запас хода 55 км (WLTC, электрический)мощность двигателя 145 кВт (197 л.с.)максимальная скорость 185 км/чсреднеразмерный седан класса C, габариты 4780×1835×1495 ммразгон до сотни 7,9 секунды батарея 8,3 кВт/ч (литий-железо-фосфатная «Blade»)передний приводобъём двигателя 1,5 л (турбо, бензин)Безопасность и ассистенты:﻿легкосплавные диски R17пакет активной безопасности (EBD/CBC EBA/BA TCS/ASR ESP/DSC)автопилот уровень L2активное торможениеудержание в полосе с центрированиемавтоматический ассистент смены полосы движенияраспознавание дорожных знаковадаптивный полноскоростной круиз-контроль6 подушек безопасностипарктроники передние и задниекамера заднего видасистема кругового обзора 360 (прозрачный автомобиль)видеорегистраторполуавтоматическая парковкаДизайн и комфорт:экстерьер: White (Crystal White)панорамная стеклянная крышамультируль с цифровой приборной панелью 10,25 дюймовцентральная мультимедийная консоль 15,6 дюймов (Android-based)сиденья из эко-кожи с серыми вставкамиподогрев и вентиляция передних сиденийаудиосистема с 8 динамикамитонированные задние стекладвухзонный климат-контроль с фильтрацией и ионизацией воздухамногослойное звукоизоляционное остекление","экономия $1 487","Китай","Гибрид","Седан","Новый","Новый","1.5","Передний","Автомат","5","5","BYD Seal 05 2025 Intelligent Driving Edition Luxury White/Gray — это современный гибридный седан на платформе DM-i 5.0, сочетающий элегантный дизайн, высокий уровень комфорта и передовые технологии. Модель оснащена 1.5-литровым турбированным бензиновым двигателем и передним электромотором, а также литий-железофосфатной «Blade» батареей ёмкостью 8,3 кВт·ч, обеспечивающей чисто электрический запас хода до 55 км по циклу WLTC. Экстерьер выполнен в классическом белом цвете, интерьер — в светло-серой гамме с премиальной отделкой.","$0","https://mejdukoles.by/image/cache/catalog/dongchedi/20040388/BYD%20Seal%2005%202025%20Intelligent%20Driving%20Edition%20Luxury%20White%20%281%29-100x100.jpg.webp
https://mejdukoles.by/image/cache/catalog/dongchedi/20040388/BYD%20Seal%2005%202025%20Intelligent%20Driving%20Edition%20Luxury%20White%20%282%29-100x100.jpg.webp
https://mejdukoles.by/image/cache/catalog/dongchedi/20040388/BYD%20Seal%2005%202025%20Intelligent%20Driving%20Edition%20Luxury%20White%20%283%29-100x100.jpg.webp
https://mejdukoles.by/image/cache/catalog/dongchedi/20040388/BYD%20Seal%2005%202025%20Intelligent%20Driving%20Edition%20Luxury%20White%20%284%29-100x100.jpg.webp
https://mejdukoles.by/image/cache/catalog/dongchedi/20040388/BYD%20Seal%2005%202025%20Intelligent%20Driving%20Edition%20Luxury%20White%20%285%29-100x100.jpg.webp
https://mejdukoles.by/image/cache/catalog/dongchedi/20040388/BYD%20Seal%2005%202025%20Intelligent%20Driving%20Edition%20Luxury%20White%20%286%29-100x100.jpg.webp
https://mejdukoles.by/image/cache/catalog/dongchedi/20040388/BYD%20Seal%2005%202025%20Intelligent%20Driving%20Edition%20Luxury%20White%20%287%29-100x100.jpg.webp
https://mejdukoles.by/image/cache/catalog/dongchedi/20040388/BYD%20Seal%2005%202025%20Intelligent%20Driving%20Edition%20Luxury%20White%20%288%29-100x100.jpg.webp
https://mejdukoles.by/image/cache/catalog/dongchedi/20040388/BYD%20Seal%2005%202025%20Intelligent%20Driving%20Edition%20Luxury%20White%20%289%29-100x100.jpg.webp
https://mejdukoles.by/image/cache/catalog/dongchedi/20040388/BYD%20Seal%2005%202025%20Intelligent%20Driving%20Edition%20Luxury%20White%20%2810%29-100x100.jpg.webp
https://mejdukoles.by/image/cache/catalog/dongchedi/20040388/BYD%20Seal%2005%202025%20Intelligent%20Driving%20Edition%20Luxury%20White%20%2811%29-100x100.jpg.webp
https://mejdukoles.by/image/cache/catalog/dongchedi/20040388/BYD%20Seal%2005%202025%20Intelligent%20Driving%20Edition%20Luxury%20White%20%2812%29-100x100.jpg.webp
https://mejdukoles.by/image/cache/catalog/dongchedi/20040388/BYD%20Seal%2005%202025%20Intelligent%20Driving%20Edition%20Luxury%20White%20%2813%29-100x100.jpg.webp
https://mejdukoles.by/image/cache/catalog/dongchedi/20040388/BYD%20Seal%2005%202025%20Intelligent%20Driving%20Edition%20Luxury%20White%20%2814%29-100x100.jpg.webp"
"1769972654-9","https://mejdukoles.by/ves-katalog-cat/fvs/sostoyanie_noviy/tip-topliva_benzin","https://mejdukoles.by/ves-katalog-cat/changan-uni-z-idd-2025-smart-super-energy-edition-white-2004038860","$16 832","Changan CS75 2025 PRO 1.5TDCT Enjoy Edition White","USD","Changan","$15 150","Changan UNI-Z IDD 2025 Smart New Blue Whale 25km Super-Energy Edition White/Brown and Black — это стильный подключаемый гибридный SUV с футуристическим дизайном и высокой топливной экономичностью. Модель оснащена 1.5-литровым турбированным двигателем Blue Whale и передним электромотором, а также литий-никель-марганцево-кобальтовой батареей ёмкостью 9,0 кВт·ч, обеспечивающей чисто электрический запас хода до 25 км по циклу WLTC. Экстерьер выполнен в популярном цвете White, интерьер доступен в двух вариантах: утончённом Brown или классическом Black — оба с премиальной отделкой.
Суммарная мощность гибридной силовой установки составляет 163 л.с. (120 кВт). Автомобиль расходует всего 1,5 л/100 км в смешанном цикле и может проехать более 1 000 км без дозаправки. Комплектация Super-Energy Edition включает цифровую приборную панель 10,25 дюйма, центральный мультимедийный экран 13,2 дюйма, систему Changan Pilot уровня L2, подогрев передних сидений, двухзонный климат-контроль и панорамную крышу.ВСЕ ХАРАКТЕРИСТИКИ:запас хода 25 км (WLTC, электрический)мощность двигателя 120 кВт (163 л.с.)максимальная скорость 185 км/чкомпактный SUV класса C, габариты 4675×1870×1620 ммразгон до сотни 9,5 секунды батарея 9,0 кВт/ч (NCM, жидкостное охлаждение)передний приводобъём двигателя 1,5 л (турбо, бензин)Безопасность и ассистенты:﻿легкосплавные диски R18пакет активной безопасности (EBD/CBC EBA/BA TCS/ASR ESP/DSC)автопилот уровень L2активное торможениеудержание в полосе с центрированиемавтоматический ассистент смены полосы движенияраспознавание дорожных знаковадаптивный круиз-контроль6 подушек безопасностипарктроники передние и задниекамера заднего видасистема кругового обзора 360°видеорегистраторполуавтоматическая парковкаДизайн и комфорт:экстерьер: White (самый популярный цвет для UNI-Z IDD на экспортных рынках)панорамная стеклянная крышамультируль с цифровой приборной панелью 10,25 дюймацентральная мультимедийная консоль 13,2 дюйма (Android-based)сиденья из премиальной эко-кожи: Brown или Blackподогрев передних сиденийаудиосистема с 6 динамикамитонированные задние стекладвухзонный климат-контрользвукоизоляционное остекление","экономия $2 026","Китай","Гибрид","SUV","Новый","Новый","1.5","Передний","Автомат","5","5","Changan UNI-Z IDD 2025 Smart New Blue Whale 25km Super-Energy Edition White/Brown and Black — это стильный подключаемый гибридный SUV с футуристическим дизайном и высокой топливной экономичностью. Модель оснащена 1.5-литровым турбированным двигателем Blue Whale и передним электромотором, а также литий-никель-марганцево-кобальтовой батареей ёмкостью 9,0 кВт·ч, обеспечивающей чисто электрический запас хода до 25 км по циклу WLTC. Экстерьер выполнен в популярном цвете White, интерьер доступен в двух вариантах: утончённом Brown или классическом Black — оба с премиальной отделкой.","$0","https://mejdukoles.by/image/cache/catalog/dongchedi/20040388/Changan%20UNI-Z%20IDD%202025%20Smart%20Super-Energy%20Edition%20%281%29-100x100.jpg.webp
https://mejdukoles.by/image/cache/catalog/dongchedi/20040388/Changan%20UNI-Z%20IDD%202025%20Smart%20Super-Energy%20Edition%20%282%29-100x100.jpg.webp
https://mejdukoles.by/image/cache/catalog/dongchedi/20040388/Changan%20UNI-Z%20IDD%202025%20Smart%20Super-Energy%20Edition%20%283%29-100x100.jpg.webp"
"1769972661-10","https://mejdukoles.by/ves-katalog-cat/fvs/sostoyanie_noviy/tip-topliva_benzin","https://mejdukoles.by/ves-katalog-cat/byd-qin-plus-dm-i-2025-intelligent-driving-edition-leading-model-whitegray-2004038832","$14 887","BYD Seal 05 2025 Intelligent Driving Edition Luxury White/Gray","USD","BYD","$13 400","BYD Qin PLUS DM-i 2025 Intelligent Driving Edition Leading Model White/Gray — это современный гибридный седан на платформе DM-i 5.0, сочетающий экономичность, комфорт и передовые технологии. Модель оснащена 1.5-литровым турбированным бензиновым двигателем и передним электромотором, а также литий-железофосфатной «Blade» батареей ёмкостью 8,3 кВт·ч, обеспечивающей чисто электрический запас хода до 55 км по циклу WLTC. Экстерьер выполнен в классическом белом цвете, интерьер — в светло-серой гамме с элементами премиальной отделки.
Суммарная мощность гибридной силовой установки составляет 197 л.с. (145 кВт). Автомобиль расходует всего 3,8 л/100 км в смешанном цикле и может проехать более 1 200 км без дозаправки. В комплектацию входят 12,8-дюймовый поворотный мультимедийный экран, цифровая приборная панель, система DiPilot уровня L2, подогрев сидений и двухзонный климат-контроль.ВСЕ ХАРАКТЕРИСТИКИ:запас хода 55 км (WLTC, электрический)мощность двигателя 145 кВт (197 л.с.)максимальная скорость 185 км/чсреднеразмерный седан класса C, габариты 4765×1837×1495 ммразгон до сотни 7,9 секунды батарея 8,3 кВт/ч (литий-железо-фосфатная «Blade»)передний приводобъём двигателя 1,5 л (турбо, бензин)Безопасность и ассистенты:﻿легкосплавные диски R17пакет активной безопасности (EBD/CBC EBA/BA TCS/ASR ESP/DSC)автопилот уровень L2активное торможениеудержание в полосе с центрированиемавтоматический ассистент смены полосы движенияраспознавание дорожных знаковадаптивный полноскоростной круиз-контроль6 подушек безопасностипарктроники передние и задниекамера заднего видасистема кругового обзора 360 (прозрачный автомобиль)видеорегистраторполуавтоматическая парковкаДизайн и комфорт:экстерьер: White (Crystal White)панорамная стеклянная крышамультируль с цифровой приборной панелью 10,25 дюймовцентральная мультимедийная консоль 12,8 дюймов (Android-based)сиденья из эко-кожи с серыми вставкамиподогрев передних сиденийаудиосистема с 8 динамикамитонированные задние стекладвухзонный климат-контроль с фильтрацией воздухазвукоизоляционное остекление","экономия $1 664","Китай","Гибрид","Седан","Новый","Новый","1.5","Передний","Автомат","5","5","BYD Qin PLUS DM-i 2025 Intelligent Driving Edition Leading Model White/Gray — это современный гибридный седан на платформе DM-i 5.0, сочетающий экономичность, комфорт и передовые технологии. Модель оснащена 1.5-литровым турбированным бензиновым двигателем и передним электромотором, а также литий-железофосфатной «Blade» батареей ёмкостью 8,3 кВт·ч, обеспечивающей чисто электрический запас хода до 55 км по циклу WLTC. Экстерьер выполнен в классическом белом цвете, интерьер — в светло-серой гамме с элементами премиальной отделки.","$0","https://mejdukoles.by/image/cache/catalog/dongchedi/20040388/BYD%20Qin%20PLUS%20DM-i%202025%20White%20%281%29-100x100.jpg.webp
https://mejdukoles.by/image/cache/catalog/dongchedi/20040388/BYD%20Qin%20PLUS%20DM-i%202025%20White%20%282%29-100x100.jpg.webp
https://mejdukoles.by/image/cache/catalog/dongchedi/20040388/BYD%20Qin%20PLUS%20DM-i%202025%20White%20%283%29-100x100.jpg.webp
https://mejdukoles.by/image/cache/catalog/dongchedi/20040388/BYD%20Qin%20PLUS%20DM-i%202025%20White%20%284%29-100x100.jpg.webp"
"1769972666-11","https://mejdukoles.by/ves-katalog-cat/fvs/sostoyanie_noviy/tip-topliva_benzin","https://mejdukoles.by/ves-katalog-cat/changan-unik-2024-20t-awd-enjoyment-edition-atomic-ash-2004038859","$20 276","Changan UNI-Z IDD 2025 Smart Super-Energy Edition White","USD","Changan","$18 250","Changan UNIK 2024 2.0T AWD Enjoyment Edition Atomic Ash/Black — это среднеразмерный SUV с полным приводом, спортивным характером и премиальным уровнем оснащения. Модель оснащается турбированным 2.0-литровым двигателем Blue Whale мощностью 233 л.с. и 8-ступенчатой автоматической коробкой передач. Экстерьер выполнен в фирменном цвете Atomic Ash — серо-металлическом оттенке, который является самым популярным для данной комплектации на экспортных рынках, интерьер — в строгой чёрной гамме с элементами глянцевой и текстурированной отделки.
Благодаря полному приводу и мощной силовой установке, автомобиль обеспечивает уверенную динамику и устойчивость на любых дорогах. Комплектация Enjoyment Edition включает цифровую приборную панель 12,3 дюйма, центральный мультимедийный экран 12,3 дюйма, систему безопасности Changan Pilot уровня L2, подогрев передних сидений, двухзонный климат-контроль, панорамную крышу и адаптивные светодиодные фары.ВСЕ ХАРАКТЕРИСТИКИ:мощность двигателя 171 кВт (233 л.с.)максимальная скорость 200 км/чсреднеразмерный SUV класса C, габариты 4865×1920×1700 ммразгон до сотни 7,8 секунды объём двигателя 2,0 л (турбированный бензин, Blue Whale)полный привод (AWD)топливный бак 65 лрасход топлива 8,1 л/100 км (смешанный цикл)Безопасность и ассистенты:﻿легкосплавные диски R19пакет активной безопасности (EBD/CBC EBA/BA TCS/ASR ESP/DSC)автопилот уровень L2автоматическое экстренное торможениеудержание в полосе с центрированиемадаптивный круиз-контрольраспознавание дорожных знаков6 подушек безопасностипарктроники передние и задниекамера заднего видасистема кругового обзора 360°система мониторинга слепых зонвидеорегистраторДизайн и комфорт:экстерьер: Atomic Ash (самый популярный цвет для UNIK 2.0T AWD)панорамная стеклянная крышаадаптивные светодиодные фарымультируль с цифровой приборной панелью 12,3 дюймацентральная мультимедийная консоль 12,3 дюйма (Android-based)сиденья из эко-кожи, чёрного цветаподогрев передних сиденийаудиосистема с 8 динамикамидвухзонный климат-контрольэлектропривод багажникамногослойное звукоизоляционное остекление","экономия $2 381","Китай","ДВС","SUV","Новый","233","2.0","Полный","Автомат","5","ДВС","Changan UNIK 2024 2.0T AWD Enjoyment Edition Atomic Ash/Black — это среднеразмерный SUV с полным приводом, спортивным характером и премиальным уровнем оснащения. Модель оснащается турбированным 2.0-литровым двигателем Blue Whale мощностью 233 л.с. и 8-ступенчатой автоматической коробкой передач. Экстерьер выполнен в фирменном цвете Atomic Ash — серо-металлическом оттенке, который является самым популярным для данной комплектации на экспортных рынках, интерьер — в строгой чёрной гамме с элементами глянцевой и текстурированной отделки.","$0","https://mejdukoles.by/image/cache/catalog/dongchedi/20040388/Changan%20UNIK%202024%20Enjoyment%20Edition%20%281%29-100x100.jpg.webp
https://mejdukoles.by/image/cache/catalog/dongchedi/20040388/Changan%20UNIK%202024%20Enjoyment%20Edition%20%282%29-100x100.jpg.webp
https://mejdukoles.by/image/cache/catalog/dongchedi/20040388/Changan%20UNIK%202024%20Enjoyment%20Edition%20%283%29-100x100.jpg.webp"
"1769972675-12","https://mejdukoles.by/ves-katalog-cat/fvs/sostoyanie_noviy/tip-topliva_benzin","https://mejdukoles.by/ves-katalog-cat/changan-x5-plus-2026-second-generation-15t-beyond-pro-aurora-whiteblack-2004038830","$15 014","BYD Qin PLUS DM-i 2025 Intelligent Driving Edition Leading Model White/Gray","USD","Changan","$13 350","Changan X5 PLUS 2026 Second Generation 1.5T Beyond PRO Aurora White/Black — это современный компактный SUV второго поколения с обновлённым дизайном, расширенной мультимедийной системой и улучшенной шумоизоляцией. Модель оснащается турбированным 1.5-литровым двигателем Blue Whale мощностью 188 л.с. и 7-ступенчатой роботизированной коробкой передач с двойным сцеплением (DCT). Экстерьер выполнен в популярном цвете Aurora White, интерьер — в строгой чёрной гамме с красной прострочкой и глянцевыми вставками.
Комплектация Beyond PRO включает панорамную крышу, цифровую приборную панель 10,25 дюйма, центральный экран 13,2 дюйма с поддержкой Android Auto и Apple CarPlay, беспроводную зарядку, подогрев передних сидений и продвинутый пакет систем безопасности Changan Pilot. Автомобиль предлагает высокий уровень комфорта и технологичности при доступной цене.ВСЕ ХАРАКТЕРИСТИКИ:мощность двигателя 138 кВт (188 л.с.)максимальная скорость 190 км/чкомпактный SUV класса C, габариты 4539×1860×1680 ммразгон до сотни 9,5 секунды объём двигателя 1,5 л (турбированный бензин, Blue Whale)передний приводтопливный бак 55 лрасход топлива 6,9 л/100 км (смешанный цикл)Безопасность и ассистенты:﻿легкосплавные диски R18пакет активной безопасности (EBD, CBC, EBA, BA, TCS, ASR, ESP, DSC)автопилот уровень L2автоматическое экстренное торможениеудержание в полосе с центрированиемадаптивный круиз-контрольраспознавание дорожных знаков6 подушек безопасностипарктроники передние и задниекамера заднего видасистема кругового обзора 360°Дизайн и комфорт:экстерьер: Aurora White с чёрной крышей (опционально)панорамная стеклянная крышакожаный мультируль с цифровой приборной панелью 10,25 дюймовцентральная мультимедийная консоль 13,2 дюйма (Android-based)сиденья из искусственной кожи с красной прострочкойподогрев передних сиденийбеспроводная зарядка для смартфоновдвухзонный климат-контрольаудиосистема с 6 динамикамиэлектропривод багажника","экономия $1 487","Китай","ДВС","SUV","Новый","188","1.5","Передний","Автомат","5","ДВС","Changan X5 PLUS 2026 Second Generation 1.5T Beyond PRO Aurora White/Black — это современный компактный SUV второго поколения с обновлённым дизайном, расширенной мультимедийной системой и улучшенной шумоизоляцией. Модель оснащается турбированным 1.5-литровым двигателем Blue Whale мощностью 188 л.с. и 7-ступенчатой роботизированной коробкой передач с двойным сцеплением (DCT). Экстерьер выполнен в популярном цвете Aurora White, интерьер — в строгой чёрной гамме с красной прострочкой и глянцевыми вставками.","$0","https://mejdukoles.by/image/cache/catalog/dongchedi/20040388/Changan%20X5%20PLUS%202026%20%281%29-100x100.jpg.webp
https://mejdukoles.by/image/cache/catalog/dongchedi/20040388/Changan%20X5%20PLUS%202026%20%282%29-100x100.jpg.webp
https://mejdukoles.by/image/cache/catalog/dongchedi/20040388/Changan%20X5%20PLUS%202026%20%283%29-100x100.jpg.webp
https://mejdukoles.by/image/cache/catalog/dongchedi/20040388/Changan%20X5%20PLUS%202026%20%284%29-100x100.jpg.webp
https://mejdukoles.by/image/cache/catalog/dongchedi/20040388/Changan%20X5%20PLUS%202026%20%285%29-100x100.jpg.webp
https://mejdukoles.by/image/cache/catalog/dongchedi/20040388/Changan%20X5%20PLUS%202026%20%286%29-100x100.jpg.webp"
"1769972683-13","https://mejdukoles.by/ves-katalog-cat/fvs/sostoyanie_noviy/tip-topliva_benzin","https://mejdukoles.by/ves-katalog-cat/changan-eado-2025-blue-15t-500bar-premium-model-whiteblack-and-gray-2004038856","$23 831","Changan UNIK 2024 2.0T AWD Enjoyment Edition Atomic Ash","USD","Changan","$21 450","Changan Eado 2025 Blue 1.5T 500Bar Premium Model White/Black and Gray — это обновлённый компактный седан с современным дизайном, улучшенной шумоизоляцией и расширенным набором технологий. Модель оснащается новым турбированным 1.5-литровым двигателем Blue Whale с давлением впрыска 500 бар, мощностью 188 л.с., и 7-ступенчатой роботизированной коробкой передач с двойным сцеплением (DCT). Экстерьер выполнен в популярном цвете White, интерьер доступен в двух вариантах: классическом Black или утончённом Gray — оба с премиальной отделкой.
Комплектация Premium Model включает цифровую приборную панель 10,25 дюйма, центральный мультимедийный экран 13,2 дюйма с поддержкой Android Auto и Apple CarPlay, беспроводную зарядку, подогрев передних сидений, двухзонный климат-контроль и продвинутый пакет систем безопасности Changan Pilot уровня L2. Автомобиль сочетает динамику, комфорт и высокую топливную экономичность.ВСЕ ХАРАКТЕРИСТИКИ:мощность двигателя 138 кВт (188 л.с.)максимальная скорость 190 км/чкомпактный седан класса C, габариты 4770×1840×1470 ммразгон до сотни 9,5 секунды объём двигателя 1,5 л (турбированный бензин, Blue Whale, 500 бар)передний приводтопливный бак 55 лрасход топлива 6,8 л/100 км (смешанный цикл)Безопасность и ассистенты:﻿легкосплавные диски R17пакет активной безопасности (EBD/CBC EBA/BA TCS/ASR ESP/DSC)автопилот уровень L2автоматическое экстренное торможениеудержание в полосе с центрированиемадаптивный круиз-контрольраспознавание дорожных знаков6 подушек безопасностипарктроники задниекамера заднего видасистема мониторинга слепых зонвидеорегистраторДизайн и комфорт:экстерьер: White (самый популярный цвет для Eado на экспортных рынках)светодиодные фары и дневные ходовые огнимультируль с цифровой приборной панелью 10,25 дюймацентральная мультимедийная консоль 13,2 дюйма (Android-based)сиденья из эко-кожи: Black или Grayподогрев передних сиденийбеспроводная зарядка для смартфоновдвухзонный климат-контрольаудиосистема с 6 динамикамизвукоизоляционное остекление","экономия $1 426","Китай","ДВС","Седан","Новый","188","1.5","Передний","Автомат","5","ДВС","Changan Eado 2025 Blue 1.5T 500Bar Premium Model White/Black and Gray — это обновлённый компактный седан с современным дизайном, улучшенной шумоизоляцией и расширенным набором технологий. Модель оснащается новым турбированным 1.5-литровым двигателем Blue Whale с давлением впрыска 500 бар, мощностью 188 л.с., и 7-ступенчатой роботизированной коробкой передач с двойным сцеплением (DCT). Экстерьер выполнен в популярном цвете White, интерьер доступен в двух вариантах: классическом Black или утончённом Gray — оба с премиальной отделкой.","$0","https://mejdukoles.by/image/cache/catalog/dongchedi/20040388/Changan%20Eado%202025%20Premium%20%281%29-100x100.jpg.webp
https://mejdukoles.by/image/cache/catalog/dongchedi/20040388/Changan%20Eado%202025%20Premium%20%282%29-100x100.jpg.webp
https://mejdukoles.by/image/cache/catalog/dongchedi/20040388/Changan%20Eado%202025%20Premium%20%283%29-100x100.jpg.webp
https://mejdukoles.by/image/cache/catalog/dongchedi/20040388/Changan%20Eado%202025%20Premium%20%284%29-100x100.jpg.webp
https://mejdukoles.by/image/cache/catalog/dongchedi/20040388/Changan%20Eado%202025%20Premium%20%285%29-100x100.jpg.webp
https://mejdukoles.by/image/cache/catalog/dongchedi/20040388/Changan%20Eado%202025%20Premium%20%286%29-100x100.jpg.webp"
"1769972692-14","https://mejdukoles.by/ves-katalog-cat/fvs/sostoyanie_noviy/tip-topliva_benzin","https://mejdukoles.by/ves-katalog-cat/mazda-cx-5-2025-model-automatic-two-wheel-drive-smart-edition-snowflake-black-2004038829","$14 887","Changan X5 PLUS 2026 Second Generation 1.5T Beyond PRO Aurora White/Black","USD","Mazda","$13 400","Mazda CX-5 2025 Model Automatic Two-Wheel Drive Smart Edition Snowflake Black — это компактный SUV с фирменным дизайном Kodo, сочетающий японское качество, надёжность и современные технологии. Модель оснащается 2.0-литровым бензиновым двигателем Skyactiv-G и 6-ступенчатой автоматической коробкой передач. Экстерьер выполнен в популярном цвете Snowflake White Pearl Mica, интерьер — в строгой чёрной гамме с комбинированной отделкой.
Комплектация Smart Edition включает 10.25-дюймовый мультимедийный экран, беспроводной Apple CarPlay и Android Auto, систему безопасности i-Activsense, подогрев руля и передних сидений, а также двухзонный климат-контроль. Автомобиль обеспечивает комфортную езду в городских и загородных условиях при умеренном расходе топлива.ВСЕ ХАРАКТЕРИСТИКИ:мощность двигателя 155 л.с. (114 кВт)максимальная скорость 193 км/чкомпактный SUV класса C, габариты 4575×1840×1680 ммразгон до сотни 10,2 секунды объём двигателя 2,0 л (бензин, Skyactiv-G)передний приводтопливный бак 56 лрасход топлива 6,8 л/100 км (смешанный цикл)Безопасность и ассистенты:﻿легкосплавные диски R17пакет активной безопасности Mazda i-Activsenseавтоматическое экстренное торможение (AEB)система удержания в полосе (LAS)адаптивный круиз-контроль (MRCC)контроль слепых зон (BSM)6 подушек безопасностипарктроники задниекамера заднего видасистема контроля давления в шинахДизайн и комфорт:экстерьер: Snowflake White Pearl Micaсветодиодные фары и дневные ходовые огникомбинированный салон: чёрная ткань/экокожакожаный мультируль с подогревом10,25-дюймовый центральный экран Mazda Connectбеспроводной Apple CarPlay и Android Autoдвухзонный автоматический климат-контрольподогрев передних сидений и руляаудиосистема Bose с 10 динамиками (в зависимости от рынка)электропривод багажникаскладывающиеся задние сиденья 40/20/40","экономия $2 714","Китай","ДВС","SUV","Новый","155","2.0","Передний","Автомат","5","ДВС","Mazda CX-5 2025 Model Automatic Two-Wheel Drive Smart Edition Snowflake Black — это компактный SUV с фирменным дизайном Kodo, сочетающий японское качество, надёжность и современные технологии. Модель оснащается 2.0-литровым бензиновым двигателем Skyactiv-G и 6-ступенчатой автоматической коробкой передач. Экстерьер выполнен в популярном цвете Snowflake White Pearl Mica, интерьер — в строгой чёрной гамме с комбинированной отделкой.","$0","https://mejdukoles.by/image/cache/catalog/dongchedi/20040388/Mazda%20CX-5%202025%20Black%20%281%29-100x100.jpg.webp
https://mejdukoles.by/image/cache/catalog/dongchedi/20040388/Mazda%20CX-5%202025%20Black%20%288%29-100x100.jpg.webp
https://mejdukoles.by/image/cache/catalog/dongchedi/20040388/Mazda%20CX-5%202025%20Black%20%287%29-100x100.jpg.webp
https://mejdukoles.by/image/cache/catalog/dongchedi/20040388/Mazda%20CX-5%202025%20Black%20%286%29-100x100.jpg.webp
https://mejdukoles.by/image/cache/catalog/dongchedi/20040388/Mazda%20CX-5%202025%20Black%20%285%29-100x100.jpg.webp
https://mejdukoles.by/image/cache/catalog/dongchedi/20040388/Mazda%20CX-5%202025%20Black%20%284%29-100x100.jpg.webp
https://mejdukoles.by/image/cache/catalog/dongchedi/20040388/Mazda%20CX-5%202025%20Black%20%283%29-100x100.jpg.webp
https://mejdukoles.by/image/cache/catalog/dongchedi/20040388/Mazda%20CX-5%202025%20Black%20%282%29-100x100.jpg.webp"
"1769972700-15","https://mejdukoles.by/ves-katalog-cat/fvs/sostoyanie_noviy/tip-topliva_benzin","https://mejdukoles.by/ves-katalog-cat/changan-qiyuan-a06-2026-u1tra-240-laser-silver-2004038852","$14 276","Changan Eado 2025 Blue 1.5T 500Bar Premium Model White/Black and Gray","USD","Changan","$12 850","Changan Qiyuan A06 2026 U1tra 240 Laser Silver/Black — это компактный электрический SUV нового поколения от подбренда Changan Qiyuan, сочетающий минималистичный дизайн, передовые технологии и высокий запас хода. Модель оснащена литий-железофосфатной «Blade» батареей ёмкостью 68,8 кВт·ч, обеспечивающей запас хода до 530 км по циклу CLTC. Экстерьер выполнен в популярном цвете Silver — самом распространённом оттенке для данной комплектации на экспортных рынках, интерьер — в строгой чёрной гамме с элементами глянцевой отделки.
Силовая установка включает передний электромотор мощностью 160 кВт (218 л.с.), разгоняющий автомобиль до 100 км/ч за 7,8 секунды. Поддерживается ультрабыстрая зарядка: от 30 % до 80 % — за 20 минут. Комплектация U1tra 240 Laser включает лазерный радар, систему интеллектуального вождения уровня L2+, цифровую приборную панель 10,25 дюйма, поворотный мультимедийный экран 15,6 дюйма, подогрев и вентиляцию передних сидений, а также панорамную крышу.ВСЕ ХАРАКТЕРИСТИКИ:запас хода 530 км (CLTC)мощность двигателя 160 кВт (218 л.с.)максимальная скорость 180 км/чкомпактный SUV класса C, габариты 4700×1880×1650 ммразгон до сотни 7,8 секунды батарея 68,8 кВт/ч (литий-железо-фосфатная «Blade»)передний приводБезопасность и ассистенты:﻿легкосплавные диски R19пакет активной безопасности (EBD/CBC EBA/BA TCS/ASR ESP/DSC)автопилот уровень L2+лазерный радар + 5 камер + 12 ультразвуковых датчиковактивное торможениеудержание в полосе с центрированиемавтоматический ассистент смены полосы движенияраспознавание дорожных знаковадаптивный полноскоростной круиз-контроль6 подушек безопасностипарктроники передние и задниекамера заднего видасистема кругового обзора 360° («прозрачный автомобиль»)видеорегистраторавтопарковка с точностью до 2 смДизайн и комфорт:экстерьер: Silver (самый популярный цвет для U1tra 240 Laser)панорамная стеклянная крышамультируль с цифровой приборной панелью 10,25 дюймацентральная мультимедийная консоль 15,6 дюйма (Android-based, поворотная)сиденья из эко-кожи с чёрной прострочкойподогрев и вентиляция передних сиденийаудиосистема с 8 динамикамитонированные задние стекладвухзонный климат-контроль с фильтрацией воздухамногослойное звукоизоляционное остекление","экономия $19","Китай","ДВС","SUV","Новый","Новый","","Передний","Автомат","5","530","Changan Qiyuan A06 2026 U1tra 240 Laser Silver/Black — это компактный электрический SUV нового поколения от подбренда Changan Qiyuan, сочетающий минималистичный дизайн, передовые технологии и высокий запас хода. Модель оснащена литий-железофосфатной «Blade» батареей ёмкостью 68,8 кВт·ч, обеспечивающей запас хода до 530 км по циклу CLTC. Экстерьер выполнен в популярном цвете Silver — самом распространённом оттенке для данной комплектации на экспортных рынках, интерьер — в строгой чёрной гамме с элементами глянцевой отделки.","$0","https://mejdukoles.by/image/cache/catalog/dongchedi/20040388/Changan%20Qiyuan%20A06%202026%20U1tra%20240%20Laser%20Silver%20%281%29-100x100.jpg.webp
https://mejdukoles.by/image/cache/catalog/dongchedi/20040388/Changan%20Qiyuan%20A06%202026%20U1tra%20240%20Laser%20Silver%20%283%29-100x100.jpg.webp
https://mejdukoles.by/image/cache/catalog/dongchedi/20040388/Changan%20Qiyuan%20A06%202026%20U1tra%20240%20Laser%20Silver%20%282%29-100x100.jpg.webp"
"1769972714-16","https://mejdukoles.by/ves-katalog-cat/fvs/sostoyanie_noviy/tip-topliva_benzin","https://mejdukoles.by/ves-katalog-cat/mazda-cx-5-2025-model-automatic-two-wheel-drive-smart-edition-pearl-white-2004038826","$19 776","Changan CS55 PLUS PHEV 2026 Smart New Blue Whale 125km Smart Edition White","USD","Mazda","$17 800","Mazda CX-5 2025 Model Automatic Two-Wheel Drive Smart Edition Pearl White — это обновлённый компактный SUV, сочетающий фирменный дизайн Kodo, высокое качество сборки и расширенный набор технологий. Модель оснащается 2.0-литровым бензиновым двигателем Skyactiv-G и 6-ступенчатой автоматической коробкой передач. Цвет кузова Snowflake White Pearl Mica придаёт автомобилю элегантный и современный вид.

Комплектация Smart Edition включает 10.25-дюймовый центральный экран Mazda Connect, беспроводной Apple CarPlay / Android Auto, систему безопасности i-Activsense (автоматическое торможение, удержание в полосе, адаптивный круиз-контроль), подогрев передних сидений и руля, а также двухзонный климат-контроль. Салон выполнен в премиальной тканево-кожаной отделке с чёрной или серой гаммой.

ВСЕ ХАРАКТЕРИСТИКИ:

мощность двигателя 155 л.с. (114 кВт)
максимальная скорость 193 км/ч
компактный SUV класса C, габариты 4575×1840×1680 мм
разгон до сотни 10.2 секунды
объём двигателя 2.0 л (бензин, Skyactiv-G)
передний привод
топливный бак 56 л
расход топлива 6.8 л/100 км (смешанный цикл)

Безопасность и ассистенты:

легкосплавные диски R17
пакет активной безопасности Mazda i-Activsense
автоматическое экстренное торможение (AEB)
система удержания в полосе (LAS)
адаптивный круиз-контроль (MRCC)
контроль слепых зон (BSM) с предупреждением при перестроении
6 подушек безопасности
парктроники задние
камера заднего вида с динамической разметкой
система контроля давления в шинах

Дизайн и комфорт:

светодиодные фары и дневные ходовые огни
частично кожаный салон (черный/серый) с контрастной прострочкой
кожаный мультируль с подогревом
10.25-дюймовый центральный экран Mazda Connect
беспроводной Apple CarPlay и Android Auto
двухзонный автоматический климат-контроль
подогрев передних сидений и руля
аудиосистема Bose с 10 динамиками (в зависимости от рынка)
электропривод багажника
складывающиеся задние сиденья 40/20/40","экономия $2 786","Китай","ДВС","SUV","Новый","155","2.0","Передний","Автомат","5","ДВС","Mazda CX-5 2025 Model Automatic Two-Wheel Drive Smart Edition Pearl White — это обновлённый компактный SUV, сочетающий фирменный дизайн Kodo, высокое качество сборки и расширенный набор технологий. Модель оснащается 2.0-литровым бензиновым двигателем Skyactiv-G и 6-ступенчатой автоматической коробкой передач. Цвет кузова Snowflake White Pearl Mica придаёт автомобилю элегантный и современный вид.","$0","https://mejdukoles.by/image/cache/catalog/dongchedi/20040388/08bf6b3e-f251-4329-949a-9d8fdc64-100x100.jpg.webp
https://mejdukoles.by/image/cache/catalog/dongchedi/20040388/f9508952-9bd7-4886-a641-0a8a41b2-100x100.jpg.webp
https://mejdukoles.by/image/cache/catalog/dongchedi/20040388/cc9990e7-d4e6-4a5a-b4f2-70f436b9-100x100.jpg.webp
https://mejdukoles.by/image/cache/catalog/dongchedi/20040388/4530de6f-0b9b-4fc4-b4fd-e284ec5d-100x100.jpg.webp"
"1769972722-17","https://mejdukoles.by/ves-katalog-cat/fvs/sostoyanie_noviy/tip-topliva_benzin","https://mejdukoles.by/ves-katalog-cat/changan-cs75-pro-2025-15t-advanced-edition-grey-2004038851","$27 886","Mazda CX-5 2025 Model Automatic Two-Wheel Drive Smart Edition Pearl White","USD","Changan","$25 100","Changan CS75 PRO 2025 1.5T Advanced Edition Grey/Black — это семиместный компактный SUV, ориентированный на семейное использование и активно продвигаемый на экспортных рынках. Модель оснащается турбированным 1.5-литровым двигателем Blue Whale мощностью 188 л.с. и 7-ступенчатой роботизированной коробкой передач с двойным сцеплением (DCT). Экстерьер выполнен в самом популярном цвете — Grey, который составляет более 40% продаж на рынках СНГ и Ближнего Востока благодаря практичности и универсальному внешнему виду. Интерьер — в строгой чёрной гамме с комбинированной отделкой.
Комплектация Advanced Edition включает цифровую приборную панель 10,25 дюйма, центральный мультимедийный экран 12,3 дюйма с поддержкой Android Auto и Apple CarPlay, климат-контроль для второго ряда, подогрев передних сидений и продвинутый пакет систем безопасности Changan Pilot уровня L2. Автомобиль сочетает вместительность, надёжность и современные технологии по доступной цене.ВСЕ ХАРАКТЕРИСТИКИ:мощность двигателя 138 кВт (188 л.с.)максимальная скорость 190 км/чкомпактный SUV класса C, габариты 4700×1865×1710 ммразгон до сотни 9,8 секунды объём двигателя 1,5 л (турбированный бензин, Blue Whale)передний приводтопливный бак 58 лрасход топлива 7,1 л/100 км (смешанный цикл)Безопасность и ассистенты:﻿легкосплавные диски R18пакет активной безопасности (EBD/CBC EBA/BA TCS/ASR ESP/DSC)автопилот уровень L2автоматическое экстренное торможениеудержание в полосе с центрированиемадаптивный круиз-контрольраспознавание дорожных знаков6 подушек безопасностипарктроники передние и задниекамера заднего видасистема кругового обзора 360°система мониторинга слепых зонвидеорегистраторДизайн и комфорт:экстерьер: Grey (самый популярный цвет на экспортных рынках)светодиодные фары и дневные ходовые огнимультируль с цифровой приборной панелью 10,25 дюймацентральная мультимедийная консоль 12,3 дюйма (Android-based)сиденья из комбинированной ткани и эко-кожи, чёрного цветаподогрев передних сиденийклимат-контроль для второго рядааудиосистема с 6 динамикамитретий ряд сидений 50/50 со складываниемэлектропривод багажника","экономия $1 782","Китай","ДВС","SUV","Новый","188","1.5","Передний","Автомат","7","ДВС","Changan CS75 PRO 2025 1.5T Advanced Edition Grey/Black — это семиместный компактный SUV, ориентированный на семейное использование и активно продвигаемый на экспортных рынках. Модель оснащается турбированным 1.5-литровым двигателем Blue Whale мощностью 188 л.с. и 7-ступенчатой роботизированной коробкой передач с двойным сцеплением (DCT). Экстерьер выполнен в самом популярном цвете — Grey, который составляет более 40% продаж на рынках СНГ и Ближнего Востока благодаря практичности и универсальному внешнему виду. Интерьер — в строгой чёрной гамме с комбинированной отделкой.","$0","https://mejdukoles.by/image/cache/catalog/dongchedi/20040388/Changan%20CS75%20PRO%202025%201.5T%20Advanced%20Edition%20%282%29-100x100.jpg.webp
https://mejdukoles.by/image/cache/catalog/dongchedi/20040388/Changan%20CS75%20PRO%202025%201.5T%20Advanced%20Edition%20%281%29-100x100.jpg.webp
https://mejdukoles.by/image/cache/catalog/dongchedi/20040388/Changan%20CS75%20PRO%202025%201.5T%20Advanced%20Edition%20%283%29-100x100.jpg.webp
https://mejdukoles.by/image/cache/catalog/dongchedi/20040388/Changan%20CS75%20PRO%202025%201.5T%20Advanced%20Edition%20%284%29-100x100.jpg.webp"
"1769972730-18","https://mejdukoles.by/ves-katalog-cat/fvs/sostoyanie_noviy/tip-topliva_benzin","https://mejdukoles.by/ves-katalog-cat/mazda-cx-5-2025-model-automatic-two-wheel-drive-comfort-edition-pearl-whitecrystal-bluemidnight-black-2004038824","","AITO M9 Ultra 5 seats гибрид (2025)","USD","Mazda","","Mazda CX-5 2025 Model Automatic Two-Wheel Drive Comfort Edition Pearl White/Crystal Blue/Midnight Black — это компактный SUV, сочетающий японское качество, элегантный дизайн Kodo и надёжную бензиновую силовую установку. Модель оснащается 2.0-литровым двигателем Skyactiv-G и 6-ступенчатой автоматической коробкой передач. Доступна в трёх классических цветах кузова: жемчужно-белом, глубоком синем и матово-чёрном.

Автомобиль предлагает комфортную подвеску, продуманную эргономику и высокий уровень шумоизоляции. Несмотря на базовую комплектацию, в наличии система Mazda Connect, камера заднего вида, климат-контроль и комплекс систем безопасности i-Activsense, включая автоматическое экстренное торможение и удержание в полосе.

ВСЕ ХАРАКТЕРИСТИКИ:

мощность двигателя 155 л.с. (114 кВт)
максимальная скорость 193 км/ч
компактный SUV класса C, габариты 4575×1840×1680 мм
разгон до сотни 10.2 секунды
объём двигателя 2.0 л (бензин, Skyactiv-G)
передний привод
топливный бак 56 л
расход топлива 6.8 л/100 км (смешанный цикл)

Безопасность и ассистенты:

легкосплавные диски R17
пакет активной безопасности Mazda i-Activsense
автоматическое экстренное торможение (AEB)
система удержания в полосе (LAS)
контроль слепых зон (BSM)
адаптивный круиз-контроль (в некоторых рынках)
6 подушек безопасности
парктроники задние
камера заднего вида
система контроля давления в шинах

Дизайн и комфорт:

светодиодные фары и дневные ходовые огни
тканевый или частично кожаный салон (черный/серый)
мультируль с управлением мультимедиа
7-дюймовый сенсорный экран Mazda Connect
кондиционер или двухзонный климат-контроль
электропривод зеркал
подогрев передних сидений (в зависимости от рынка)
аудиосистема 6 динамиков
складывающиеся задние сиденья 40/20/40","экономия $2 570","Китай","ДВС","SUV","Новый","155","2.0","Передний","Автомат","5","ДВС","Mazda CX-5 2025 Model Automatic Two-Wheel Drive Comfort Edition Pearl White/Crystal Blue/Midnight Black — это компактный SUV, сочетающий японское качество, элегантный дизайн Kodo и надёжную бензиновую силовую установку. Модель оснащается 2.0-литровым двигателем Skyactiv-G и 6-ступенчатой автоматической коробкой передач. Доступна в трёх классических цветах кузова: жемчужно-белом, глубоком синем и матово-чёрном.","$0","https://mejdukoles.by/image/cache/catalog/dongchedi/20040388/Mazda%20CX-5%202025%20blue%20%281%29-100x100.jpg.webp
https://mejdukoles.by/image/cache/catalog/dongchedi/20040388/Mazda%20CX-5%202025%20blue%20%282%29-100x100.jpg.webp
https://mejdukoles.by/image/cache/catalog/dongchedi/20040388/Mazda%20CX-5%202025%20blue%20%283%29-100x100.jpg.webp
https://mejdukoles.by/image/cache/catalog/dongchedi/20040388/Mazda%20CX-5%202025%20blue%20%284%29-100x100.jpg.webp"
"1769972737-19","https://mejdukoles.by/ves-katalog-cat/fvs/sostoyanie_noviy/tip-topliva_benzin","https://mejdukoles.by/ves-katalog-cat/changan-cs55-plus-phev-2025-smart-new-blue-whale-125km-super-edition-whitephantom-gray-and-phantom-gray-black-2004038850","$17 832","Changan CS75 PRO 2025 1.5T Advanced Edition Grey","USD","Changan","$16 050","Changan CS55 PLUS PHEV 2025 Smart New Blue Whale 125km Super Edition White/Phantom Gray and Phantom Gray-Black — это подключаемый гибридный SUV с расширенным электрическим запасом хода и двумя вариантами премиального интерьера на выбор. Модель оснащена 1.5-литровым турбированным бензиновым двигателем Blue Whale и передним электромотором, а также литий-никель-марганцево-кобальтовой батареей ёмкостью 18,4 кВт·ч, обеспечивающей чисто электрический пробег до 125 км по циклу WLTC. Экстерьер выполнен в классическом белом цвете, интерьер доступен в двух исполнениях: утончённом Phantom Gray или контрастном сочетании Phantom Gray и чёрного.
Суммарная мощность гибридной силовой установки составляет 220 л.с. (162 кВт). Автомобиль расходует всего 1,3 л/100 км в смешанном цикле и может проехать более 1 000 км без дозаправки. Комплектация Super Edition включает 12,3-дюймовую цифровую приборную панель, центральный мультимедийный экран 13,2 дюйма, систему Changan Pilot уровня L2, подогрев передних сидений, двухзонный климат-контроль, панорамную крышу и улучшенную шумоизоляцию.ВСЕ ХАРАКТЕРИСТИКИ:запас хода 125 км (WLTC, электрический)мощность двигателя 162 кВт (220 л.с.)максимальная скорость 185 км/чкомпактный SUV класса C, габариты 4539×1860×1680 ммразгон до сотни 8,5 секунды батарея 18,4 кВт/ч (NCM, жидкостное охлаждение)передний приводобъём двигателя 1,5 л (турбо, бензин)Безопасность и ассистенты:﻿легкосплавные диски R18пакет активной безопасности (EBD/CBC EBA/BA TCS/ASR ESP/DSC)автопилот уровень L2активное торможениеудержание в полосе с центрированиемавтоматический ассистент смены полосы движенияраспознавание дорожных знаковадаптивный полноскоростной круиз-контроль6 подушек безопасностипарктроники передние и задниекамера заднего видасистема кругового обзора 360°видеорегистраторполуавтоматическая парковкаДизайн и комфорт:экстерьер: Whiteпанорамная стеклянная крышамультируль с цифровой приборной панелью 12,3 дюймацентральная мультимедийная консоль 13,2 дюйма (Android-based)сиденья из премиальной эко-кожи: Phantom Gray или Phantom Gray/Blackподогрев передних сиденийаудиосистема с 6 динамикамитонированные задние стекладвухзонный климат-контрольмногослойное звукоизоляционное остекление","экономия $1 804","Китай","ДВС","SUV","Новый","Новый","1.5","Передний","Автомат","5","5","Changan CS55 PLUS PHEV 2025 Smart New Blue Whale 125km Super Edition White/Phantom Gray and Phantom Gray-Black — это подключаемый гибридный SUV с расширенным электрическим запасом хода и двумя вариантами премиального интерьера на выбор. Модель оснащена 1.5-литровым турбированным бензиновым двигателем Blue Whale и передним электромотором, а также литий-никель-марганцево-кобальтовой батареей ёмкостью 18,4 кВт·ч, обеспечивающей чисто электрический пробег до 125 км по циклу WLTC. Экстерьер выполнен в классическом белом цвете, интерьер доступен в двух исполнениях: утончённом Phantom Gray или контрастном сочетании Phantom Gray и чёрного.","$0","https://mejdukoles.by/image/cache/catalog/dongchedi/20040388/Changan%20CS55%20PLUS%20PHEV%202025%20White%20%282%29-100x100.jpg.webp
https://mejdukoles.by/image/cache/catalog/dongchedi/20040388/Changan%20CS55%20PLUS%20PHEV%202025%20White%20%281%29-100x100.jpg.webp
https://mejdukoles.by/image/cache/catalog/dongchedi/20040388/Changan%20CS55%20PLUS%20PHEV%202025%20White%20%283%29-100x100.jpg.webp
https://mejdukoles.by/image/cache/catalog/dongchedi/20040388/Changan%20CS55%20PLUS%20PHEV%202025%20White%20%284%29-100x100.jpg.webp"
"1769972743-20","https://mejdukoles.by/ves-katalog-cat/fvs/sostoyanie_noviy/tip-topliva_benzin","https://mejdukoles.by/ves-katalog-cat/changan-cs55-plus-phev-2026-smart-new-blue-whale-125km-smart-edition-white-2004038849","$25 720","Mazda CX-5 2025 Model Automatic Two-Wheel Drive Comfort Edition Pearl White/Crystal Blue/Midnight Black","USD","Changan","$23 150","Описание","экономия $1 976","Китай","Гибрид","SUV","Новый","Новый","1.5","Передний","Автомат","5","5","Описание","$0","https://mejdukoles.by/image/cache/catalog/dongchedi/20040388/Changan%20CS55%20PLUS%20PHEV%202026%20Smart%20%20White%20%281%29-100x100.jpg.webp
https://mejdukoles.by/image/cache/catalog/dongchedi/20040388/Changan%20CS55%20PLUS%20PHEV%202026%20Smart%20%20White%20%283%29-100x100.jpg.webp
https://mejdukoles.by/image/cache/catalog/dongchedi/20040388/Changan%20CS55%20PLUS%20PHEV%202026%20Smart%20%20White%20%284%29-100x100.jpg.webp
https://mejdukoles.by/image/cache/catalog/dongchedi/20040388/Changan%20CS55%20PLUS%20PHEV%202026%20Smart%20%20White%20%285%29-100x100.jpg.webp
https://mejdukoles.by/image/cache/catalog/dongchedi/20040388/Changan%20CS55%20PLUS%20PHEV%202026%20Smart%20%20White%20%282%29-100x100.jpg.webp"
"1769972753-21","https://mejdukoles.by/ves-katalog-cat/fvs/sostoyanie_noviy/tip-topliva_benzin","https://mejdukoles.by/ves-katalog-cat/changan-cs55-plus-2026-fourth-generation-new-blue-whale-15t-tian-shu-white-2004038848","$18 054","Changan CS55 PLUS PHEV 2025 Smart New Blue Whale 125km Super Edition White/Phantom Gray and Phantom Gray-Black","USD","Changan","$16 250","Changan CS55 PLUS 2026 Fourth Generation New Blue Whale 1.5T Tian Shu Premium Edition White/Phantom Gray and Red-Black — это топовая версия обновлённого компактного SUV четвёртого поколения, сочетающая элегантный внешний вид и два варианта премиального интерьера на выбор. Модель оснащается новейшим турбированным 1.5-литровым двигателем Blue Whale мощностью 188 л.с. и 7-ступенчатой роботизированной коробкой передач с двойным сцеплением (DCT). Экстерьер выполнен в классическом белом цвете, интерьер доступен в двух исполнениях: утончённом Phantom Gray или спортивном сочетании красной прострочки на чёрной основе.
Комплектация Tian Shu Premium Edition включает панорамную крышу с электрохромным затемнением, цифровую приборную панель 10,25 дюйма, центральный мультимедийный экран 13,2 дюйма с поддержкой Android Auto и Apple CarPlay, беспроводную зарядку, подогрев и вентиляцию передних сидений, аудиосистему премиум-класса и продвинутый пакет систем безопасности Changan Pilot уровня L2+. Автомобиль предлагает максимальный уровень персонализации, комфорта и технологичности в своём сегменте.ВСЕ ХАРАКТЕРИСТИКИ:мощность двигателя 138 кВт (188 л.с.)максимальная скорость 190 км/чкомпактный SUV класса C, габариты 4539×1860×1680 ммразгон до сотни 9,5 секунды объём двигателя 1,5 л (турбированный бензин, Blue Whale)передний приводтопливный бак 55 лрасход топлива 6,9 л/100 км (смешанный цикл)Безопасность и ассистенты:﻿легкосплавные диски R19пакет активной безопасности (EBD/CBC EBA/BA TCS/ASR ESP/DSC)автопилот уровень L2+активное торможениеудержание в полосе с центрированиемавтоматический ассистент смены полосы движенияраспознавание дорожных знаковадаптивный полноскоростной круиз-контроль6 подушек безопасностипарктроники передние и задниекамера заднего видасистема кругового обзора 360°видеорегистраторавтопарковка с точностью до 2 смДизайн и комфорт:экстерьер: Whiteпанорамная стеклянная крыша с электрохромным затемнениемсветодиодные адаптивные фарымультируль с подогревом и цифровой приборной панелью 10,25 дюймовцентральная мультимедийная консоль 13,2 дюйма (Android-based)сиденья из премиальной искусственной кожи: Phantom Gray или Black с красной прострочкойподогрев и вентиляция передних сиденийбеспроводная зарядка для смартфоновтрёхзонный климат-контрольаудиосистема премиум-класса с 8 динамикамиэлектропривод багажника с бесконтактным открыванием","экономия $1 837","Китай","ДВС","SUV","Новый","188","1.5","Передний","Автомат","5","ДВС","Changan CS55 PLUS 2026 Fourth Generation New Blue Whale 1.5T Tian Shu Premium Edition White/Phantom Gray and Red-Black — это топовая версия обновлённого компактного SUV четвёртого поколения, сочетающая элегантный внешний вид и два варианта премиального интерьера на выбор. Модель оснащается новейшим турбированным 1.5-литровым двигателем Blue Whale мощностью 188 л.с. и 7-ступенчатой роботизированной коробкой передач с двойным сцеплением (DCT). Экстерьер выполнен в классическом белом цвете, интерьер доступен в двух исполнениях: утончённом Phantom Gray или спортивном сочетании красной прострочки на чёрной основе.","$0","https://mejdukoles.by/image/cache/catalog/dongchedi/20040388/Changan%20CS55%20PLUS%202026%20Tian%20Shu%20White%20%281%29-100x100.jpg.webp
https://mejdukoles.by/image/cache/catalog/dongchedi/20040388/Changan%20CS55%20PLUS%202026%20Tian%20Shu%20White%20%282%29-100x100.jpg.webp
https://mejdukoles.by/image/cache/catalog/dongchedi/20040388/Changan%20CS55%20PLUS%202026%20Tian%20Shu%20White%20%283%29-100x100.jpg.webp
https://mejdukoles.by/image/cache/catalog/dongchedi/20040388/Changan%20CS55%20PLUS%202026%20Tian%20Shu%20White%20%284%29-100x100.jpg.webp
https://mejdukoles.by/image/cache/catalog/dongchedi/20040388/Changan%20CS55%20PLUS%202026%20Tian%20Shu%20White%20%285%29-100x100.jpg.webp"
"1769972764-22","https://mejdukoles.by/ves-katalog-cat/fvs/sostoyanie_noviy/tip-topliva_benzin","https://mejdukoles.by/ves-katalog-cat/changan-x5-plus-pioneer-pro-15t-2026-gray-exterior-gray-interior-23000001","$18 387","Changan CS55 PLUS 2026 Fourth Generation New Blue Whale 1.5T Tian Shu White","USD","Changan","$16 550","Changan X5 PLUS Pioneer PRO 1.5T (2026) — это современный бензиновый кроссовер класса «С комфорт», оснащённый турбированным двигателем мощностью 188 л.с. и передним приводом. Разгон до 100 км/ч составляет 7.5 секунд, максимальная скорость — 190 км/ч.
Модель второго поколения Pioneer PRO отличается улучшенной динамикой и комфортом, сохраняя баланс между технологичностью и доступностью.


ВСЕ ХАРАКТЕРИСТИКИ:

максимальная скорость 190 км/ч
мощность двигателя 188 л.с.
разгон до сотни 7.5 секунд
турбированный двигатель 1.5T
передний привод
класс «С комфорт»
тип кузова: кроссовер
тип топлива: бензин


Безопасность и ассистенты:

ABS, ESP, система стабилизации
подушки безопасности (фронтальные и боковые)
система помощи при старте в гору
датчики парковки
камера заднего вида


Дизайн и комфорт:

серый кузов, серый салон
мультируль с цифровой приборной панелью
центральная мультимедийная консоль
сидения с электрорегулировкой
двухзонный климат‑контроль
улучшенная шумоизоляция","экономия $1 774","Китай","ДВС","Внедорожник","Новый","2026","1.5","Передний","Робот","5","5","Changan X5 PLUS Pioneer PRO 1.5T (2026) — это современный бензиновый кроссовер класса «С комфорт», оснащённый турбированным двигателем мощностью 188 л.с. и передним приводом. Разгон до 100 км/ч составляет 7.5 секунд, максимальная скорость — 190 км/ч.","$0","https://mejdukoles.by/image/cache/catalog/dongchedi/21974908/01-100x100.jpg.webp
https://mejdukoles.by/image/cache/catalog/dongchedi/21974908/02-100x100.jpg.webp
https://mejdukoles.by/image/cache/catalog/dongchedi/21974908/03-100x100.jpg.webp
https://mejdukoles.by/image/cache/catalog/dongchedi/21974908/04-100x100.jpg.webp
https://mejdukoles.by/image/cache/catalog/dongchedi/21974908/05-100x100.jpg.webp
https://mejdukoles.by/image/cache/catalog/dongchedi/21974908/06-100x100.jpg.webp
https://mejdukoles.by/image/cache/catalog/dongchedi/21974908/07-100x100.jpg.webp
https://mejdukoles.by/image/cache/catalog/dongchedi/21974908/08-100x100.jpg.webp"
"1769972772-23","https://mejdukoles.by/ves-katalog-cat/fvs/sostoyanie_noviy/tip-topliva_benzin","https://mejdukoles.by/ves-katalog-cat/changan-cs55-plus-2026-fourth-generation-new-blue-whale-15t-tian-shu-luxury-edition-fluorescent-limestone-2004038847","$12 979","Changan X5 PLUS Pioneer PRO 1.5T 2026 Gray exterior / Gray interior","USD","Changan","$11 205","Changan CS55 PLUS 2026 Fourth Generation New Blue Whale 1.5T Tian Shu Luxury Edition Fluorescent Limestone/Black and Red — это полностью обновлённый компактный SUV четвёртого поколения с эксклюзивным дизайном и премиальной отделкой. Модель оснащается новейшим турбированным 1.5-литровым двигателем Blue Whale мощностью 188 л.с. и 7-ступенчатой роботизированной коробкой передач с двойным сцеплением (DCT). Экстерьер выполнен в ярком цвете Fluorescent Limestone, интерьер — в контрастной комбинации чёрной основы и красной прострочки, подчёркивающей спортивный характер автомобиля.
Комплектация Tian Shu Luxury Edition включает панорамную крышу, цифровую приборную панель 10,25 дюйма, центральный мультимедийный экран 13,2 дюйма с поддержкой Android Auto и Apple CarPlay, беспроводную зарядку, подогрев и вентиляцию передних сидений, аудиосистему премиум-класса и продвинутый пакет систем безопасности Changan Pilot уровня L2+. Автомобиль сочетает динамику, индивидуальность и высокий уровень технологичности.ВСЕ ХАРАКТЕРИСТИКИ:мощность двигателя 138 кВт (188 л.с.)максимальная скорость 190 км/чкомпактный SUV класса C, габариты 4539×1860×1680 ммразгон до сотни 9,5 секунды объём двигателя 1,5 л (турбированный бензин, Blue Whale)передний приводтопливный бак 55 лрасход топлива 6,9 л/100 км (смешанный цикл)Безопасность и ассистенты:﻿легкосплавные диски R18пакет активной безопасности (EBD/CBC EBA/BA TCS/ASR ESP/DSC)автопилот уровень L2+активное торможениеудержание в полосе с центрированиемавтоматический ассистент смены полосы движенияраспознавание дорожных знаковадаптивный полноскоростной круиз-контроль6 подушек безопасностипарктроники передние и задниекамера заднего видасистема кругового обзора 360°видеорегистраторавтопарковка с точностью до 2,5 смДизайн и комфорт:экстерьер: Fluorescent Limestoneпанорамная стеклянная крыша с электрохромным затемнениемсветодиодные адаптивные фарыспортивный мультируль с подогревом и цифровой приборной панелью 10,25 дюймовцентральная мультимедийная консоль 13,2 дюйма (Android-based)сиденья из премиальной искусственной кожи с чёрно-красной прострочкойподогрев и вентиляция передних сиденийбеспроводная зарядка для смартфоновтрёхзонный климат-контрольаудиосистема премиум-класса с 8 динамикамиэлектропривод багажника с бесконтактным открыванием","экономия $1 765","Китай","ДВС","SUV","Новый","188","1.5","Передний","Автомат","5","ДВС","Changan CS55 PLUS 2026 Fourth Generation New Blue Whale 1.5T Tian Shu Luxury Edition Fluorescent Limestone/Black and Red — это полностью обновлённый компактный SUV четвёртого поколения с эксклюзивным дизайном и премиальной отделкой. Модель оснащается новейшим турбированным 1.5-литровым двигателем Blue Whale мощностью 188 л.с. и 7-ступенчатой роботизированной коробкой передач с двойным сцеплением (DCT). Экстерьер выполнен в ярком цвете Fluorescent Limestone, интерьер — в контрастной комбинации чёрной основы и красной прострочки, подчёркивающей спортивный характер автомобиля.","$0","https://mejdukoles.by/image/cache/catalog/dongchedi/20040388/Changan%20CS55%20PLUS%202026%20Tian%20Shu%20Fluorescent%20%281%29-100x100.jpg.webp
https://mejdukoles.by/image/cache/catalog/dongchedi/20040388/Changan%20CS55%20PLUS%202026%20Tian%20Shu%20Fluorescent%20%282%29-100x100.jpg.webp
https://mejdukoles.by/image/cache/catalog/dongchedi/20040388/Changan%20CS55%20PLUS%202026%20Tian%20Shu%20Fluorescent%20%283%29-100x100.jpg.webp
https://mejdukoles.by/image/cache/catalog/dongchedi/20040388/Changan%20CS55%20PLUS%202026%20Tian%20Shu%20Fluorescent%20%284%29-100x100.jpg.webp
https://mejdukoles.by/image/cache/catalog/dongchedi/20040388/Changan%20CS55%20PLUS%202026%20Tian%20Shu%20Fluorescent%20%285%29-100x100.jpg.webp
https://mejdukoles.by/image/cache/catalog/dongchedi/20040388/Changan%20CS55%20PLUS%202026%20Tian%20Shu%20Fluorescent%20%286%29-100x100.jpg.webp"
"1769972786-24","https://mejdukoles.by/ves-katalog-cat/fvs/sostoyanie_noviy/tip-topliva_benzin","https://mejdukoles.by/ves-katalog-cat?product_id=74985","","AITO M7 Pro 6 seats 4WD smart driving гибрид (2024)","USD","Changan","","Changan CS55 2026 New Blue Whale 1.5T Luxury Edition Aurora White/Black — это обновлённый компактный SUV с современным дизайном, улучшенной шумоизоляцией и расширенным набором технологий. Модель оснащается новым турбированным 1.5-литровым двигателем Blue Whale мощностью 188 л.с. и 7-ступенчатой роботизированной коробкой передач с двойным сцеплением (DCT). Экстерьер выполнен в популярном цвете Aurora White, интерьер — в строгой чёрной гамме с премиальной отделкой.
Комплектация Luxury Edition включает панорамную крышу, цифровую приборную панель 10,25 дюйма, центральный мультимедийный экран 13,2 дюйма с поддержкой Android Auto и Apple CarPlay, беспроводную зарядку, подогрев передних сидений, двухзонный климат-контроль и продвинутый пакет систем безопасности Changan Pilot уровня L2. Автомобиль сочетает динамику, комфорт и высокую топливную экономичность.ВСЕ ХАРАКТЕРИСТИКИ:мощность двигателя 138 кВт (188 л.с.)максимальная скорость 190 км/чкомпактный SUV класса C, габариты 4539×1860×1680 ммразгон до сотни 9,5 секунды объём двигателя 1,5 л (турбированный бензин, Blue Whale)передний приводтопливный бак 55 лрасход топлива 6,9 л/100 км (смешанный цикл)Безопасность и ассистенты:﻿легкосплавные диски R18пакет активной безопасности (EBD/CBC EBA/BA TCS/ASR ESP/DSC)автопилот уровень L2автоматическое экстренное торможениеудержание в полосе с центрированиемадаптивный круиз-контрольраспознавание дорожных знаков6 подушек безопасностипарктроники передние и задниекамера заднего видасистема кругового обзора 360°система мониторинга слепых зонвидеорегистраторДизайн и комфорт:экстерьер: Aurora Whiteпанорамная стеклянная крышасветодиодные фары и дневные ходовые огнимультируль с цифровой приборной панелью 10,25 дюймовцентральная мультимедийная консоль 13,2 дюйма (Android-based)сиденья из искусственной кожи с чёрной прострочкойподогрев передних сиденийбеспроводная зарядка для смартфоновдвухзонный климат-контрольаудиосистема с 6 динамикамиэлектропривод багажника","экономия $1 793","Китай","ДВС","SUV","Новый","188","1.5","Передний","Автомат","5","ДВС","Changan CS55 2026 New Blue Whale 1.5T Luxury Edition Aurora White/Black — это обновлённый компактный SUV с современным дизайном, улучшенной шумоизоляцией и расширенным набором технологий. Модель оснащается новым турбированным 1.5-литровым двигателем Blue Whale мощностью 188 л.с. и 7-ступенчатой роботизированной коробкой передач с двойным сцеплением (DCT). Экстерьер выполнен в популярном цвете Aurora White, интерьер — в строгой чёрной гамме с премиальной отделкой.","$0",""
"1769972795-25","https://mejdukoles.by/ves-katalog-cat/fvs/sostoyanie_noviy/tip-topliva_benzin","https://mejdukoles.by/ves-katalog-cat/changan-x5-plus-2026-second-generation-15t-excellence-pro-whitegray-2004038845","$17 665","Changan CS55 PLUS 2026 Fourth Generation New Blue Whale 1.5T Tian Shu Luxury Edition Fluorescent Limestone","USD","Changan","$15 900","Changan X5 PLUS 2026 Second Generation 1.5T Excellence PRO White/Gray — это топовая комплектация обновлённого компактного SUV второго поколения, сочетающая премиальный дизайн, расширенный набор технологий и высокий уровень комфорта. Модель оснащается турбированным 1.5-литровым двигателем Blue Whale мощностью 188 л.с. и 7-ступенчатой роботизированной коробкой передач с двойным сцеплением (DCT). Экстерьер выполнен в элегантном белом цвете с серыми акцентами, интерьер — в светло-серой гамме с элементами премиальной отделки.
Комплектация Excellence PRO включает панорамную крышу, цифровую приборную панель 10,25 дюйма, центральный мультимедийный экран 13,2 дюйма с поддержкой Android Auto и Apple CarPlay, беспроводную зарядку, подогрев и вентиляцию передних сидений, аудиосистему премиум-класса и продвинутый пакет систем безопасности Changan Pilot уровня L2+. Автомобиль предлагает максимальный комфорт и технологичность в своём классе.ВСЕ ХАРАКТЕРИСТИКИ:мощность двигателя 138 кВт (188 л.с.)максимальная скорость 190 км/чкомпактный SUV класса C, габариты 4539×1860×1680 ммразгон до сотни 9,5 секунды объём двигателя 1,5 л (турбированный бензин, Blue Whale)передний приводтопливный бак 55 лрасход топлива 6,9 л/100 км (смешанный цикл)Безопасность и ассистенты:﻿легкосплавные диски R18пакет активной безопасности (EBD/CBC EBA/BA TCS/ASR ESP/DSC)автопилот уровень L2+активное торможениеудержание в полосе с центрированиемавтоматический ассистент смены полосы движенияраспознавание дорожных знаковадаптивный полноскоростной круиз-контроль6 подушек безопасностипарктроники передние и задниекамера заднего видасистема кругового обзора 360°видеорегистраторавтопарковка с точностью до 2,5 смДизайн и комфорт:экстерьер: White с серыми декоративными элементамипанорамная стеклянная крыша с электрохромным затемнениемсветодиодные адаптивные фарымультируль с подогревом и цифровой приборной панелью 10,25 дюймовцентральная мультимедийная консоль 13,2 дюйма (Android-based)сиденья из премиальной искусственной кожи с серой прострочкойподогрев и вентиляция передних сиденийбеспроводная зарядка для смартфоновтрёхзонный климат-контрольаудиосистема премиум-класса с 8 динамикамиэлектропривод багажника с бесконтактным открыванием","экономия $1 587","Китай","ДВС","SUV","Новый","188","1.5","Передний","Автомат","5","ДВС","Changan X5 PLUS 2026 Second Generation 1.5T Excellence PRO White/Gray — это топовая комплектация обновлённого компактного SUV второго поколения, сочетающая премиальный дизайн, расширенный набор технологий и высокий уровень комфорта. Модель оснащается турбированным 1.5-литровым двигателем Blue Whale мощностью 188 л.с. и 7-ступенчатой роботизированной коробкой передач с двойным сцеплением (DCT). Экстерьер выполнен в элегантном белом цвете с серыми акцентами, интерьер — в светло-серой гамме с элементами премиальной отделки.","$0","https://mejdukoles.by/image/cache/catalog/dongchedi/20040388/Changan%20X5%20PLUS%202026%20Excellence%20PRO%20White%20%283%29-100x100.jpg.webp
https://mejdukoles.by/image/cache/catalog/dongchedi/20040388/Changan%20X5%20PLUS%202026%20Excellence%20PRO%20White%20%282%29-100x100.jpg.webp
https://mejdukoles.by/image/cache/catalog/dongchedi/20040388/Changan%20X5%20PLUS%202026%20Excellence%20PRO%20White%20%281%29-100x100.jpg.webp
https://mejdukoles.by/image/cache/catalog/dongchedi/20040388/Changan%20X5%20PLUS%202026%20Excellence%20PRO%20White%20%284%29-100x100.jpg.webp
https://mejdukoles.by/image/cache/catalog/dongchedi/20040388/Changan%20X5%20PLUS%202026%20Excellence%20PRO%20White%20%285%29-100x100.jpg.webp
https://mejdukoles.by/image/cache/catalog/dongchedi/20040388/Changan%20X5%20PLUS%202026%20Excellence%20PRO%20White%20%286%29-100x100.jpg.webp"
"1769972802-26","https://mejdukoles.by/ves-katalog-cat/fvs/sostoyanie_noviy/tip-topliva_benzin","https://mejdukoles.by/ves-katalog-cat/gac-trumpchi-gs3-2026-highest-configuration-2004038879","$15 887","Changan X5 PLUS 2026 Second Generation 1.5T Excellence PRO White/Gray","USD","GAC Trumpchi","$14 300","GAC Trumpchi GS3 2026 Highest Configuration — это топовая версия компактного SUV с максимальным уровнем комфорта, технологий и безопасности. Несмотря на сохранение того же 1.5-литрового турбодвигателя и переднего привода, модель получает расширенный пакет интеллектуальных систем, премиальную отделку салона и улучшенную внешнюю оптику, делая её конкурентоспособной даже среди автомобилей более высокого класса.
Внешне автомобиль выделяется 18-дюймовыми легкосплавными дисками, рейлингами, полностью светодиодной оптикой с последовательными поворотниками и наличием камер системы кругового обзора. Интерьер выполнен в премиальной эко-коже с контрастной прострочкой, включает электрорегулировку сиденья водителя с памятью, двухзонный климат с ионизацией и мультимедийную систему с OTA-обновлениями.ВСЕ ХАРАКТЕРИСТИКИ:мощность двигателя 177 л.с. (130 кВт)объём двигателя 1.5 л (турбонаддув)передний приводтип КПП: 7-ступенчатая DCTгабариты: 4410×1850×1600 ммколёсная база: 2650 ммклиренс: 180 ммрасход топлива (смешанный цикл): ~6.8 л/100 кмБезопасность и ассистенты:﻿6 подушек безопасностиABS + EBD + BA + ESPавтоматическое экстренное торможение (AEB)система удержания в полосе (LKA)адаптивный круиз-контроль (ACC)мониторинг слепых зон (BSD)парктроники спереди и сзадикамера заднего видасистема кругового обзора 360°распознавание дорожных знаков (TSR)режим «Hill Start Assist»Дизайн и комфорт:белый экстерьер18-дюймовые легкосплавные дискирейлинги на крышеполностью LED-оптика с последовательными поворотникамипанорамная крышапремиальная эко-кожа с контрастной прострочкойэлектрорегулировка водительского сиденья с памятьюподогрев передних и задних сиденийдвухзонный климат-контроль с ионизацией воздухацифровая приборная панель 10.25 дюймацентральный экран 12.3 дюйма с голосовым управлением и OTAбеспроводная зарядка для смартфоновмультифункциональный кожаный руль с подогревомдатчики дождя и света","экономия $1 759","Китай","ДВС","SUV","Новый","177","1.5","Передний","Автомат","5","ДВС","GAC Trumpchi GS3 2026 Highest Configuration — это топовая версия компактного SUV с максимальным уровнем комфорта, технологий и безопасности. Несмотря на сохранение того же 1.5-литрового турбодвигателя и переднего привода, модель получает расширенный пакет интеллектуальных систем, премиальную отделку салона и улучшенную внешнюю оптику, делая её конкурентоспособной даже среди автомобилей более высокого класса.","$0","https://mejdukoles.by/image/cache/catalog/dongchedi/20040388/GAC%20Trumpchi%20GS3%202026%20%281%29-100x100.jpg.webp
https://mejdukoles.by/image/cache/catalog/dongchedi/20040388/GAC%20Trumpchi%20GS3%202026%20%282%29-100x100.jpg.webp
https://mejdukoles.by/image/cache/catalog/dongchedi/20040388/GAC%20Trumpchi%20GS3%202026%20%283%29-100x100.jpg.webp
https://mejdukoles.by/image/cache/catalog/dongchedi/20040388/GAC%20Trumpchi%20GS3%202026%20%284%29-100x100.jpg.webp"
"1769972812-27","https://mejdukoles.by/ves-katalog-cat/fvs/sostoyanie_noviy/tip-topliva_benzin","https://mejdukoles.by/ves-katalog-cat/changan-x5-plus-2026-second-generation-15t-beyond-pro-whiteblackgray-2004038844","$14 887","BYD Seal 05 2025 Intelligent Driving Edition Luxury White/Gray","USD","Changan","$13 400","Changan X5 PLUS 2026 Second Generation 1.5T Beyond PRO White/Black/Gray — это обновлённый компактный SUV второго поколения с трёхцветным дизайном экстерьера и премиальной отделкой салона. Модель оснащается турбированным 1.5-литровым двигателем Blue Whale мощностью 188 л.с. и 7-ступенчатой роботизированной коробкой передач с двойным сцеплением (DCT). Экстерьер сочетает белый кузов, чёрную крышу и серые акценты на бамперах и зеркалах, интерьер выполнен в монохромной серо-чёрной гамме с глянцевыми и текстурированными вставками.
Комплектация Beyond PRO включает панорамную крышу, цифровую приборную панель 10,25 дюйма, центральный экран 13,2 дюйма с поддержкой Android Auto и Apple CarPlay, беспроводную зарядку, подогрев передних сидений, продвинутый пакет систем безопасности Changan Pilot уровня L2 и адаптивные светодиодные фары. Автомобиль предлагает высокий уровень комфорта, технологичности и индивидуальности при доступной цене.ВСЕ ХАРАКТЕРИСТИКИ:мощность двигателя 138 кВт (188 л.с.)максимальная скорость 190 км/чкомпактный SUV класса C, габариты 4539×1860×1680 ммразгон до сотни 9,5 секунды объём двигателя 1,5 л (турбированный бензин, Blue Whale)передний приводтопливный бак 55 лрасход топлива 6,9 л/100 км (смешанный цикл)Безопасность и ассистенты:﻿легкосплавные диски R18пакет активной безопасности (EBD/CBC EBA/BA TCS/ASR ESP/DSC)автопилот уровень L2автоматическое экстренное торможениеудержание в полосе с центрированиемадаптивный круиз-контрольраспознавание дорожных знаков6 подушек безопасностипарктроники передние и задниекамера заднего видасистема кругового обзора 360°система мониторинга слепых зонвидеорегистраторДизайн и комфорт:экстерьер: White кузов, Black крыша, Gray акцентыпанорамная стеклянная крышасветодиодные адаптивные фарымультируль с цифровой приборной панелью 10,25 дюймовцентральная мультимедийная консоль 13,2 дюйма (Android-based)сиденья из искусственной кожи с серо-чёрной прострочкойподогрев передних сиденийбеспроводная зарядка для смартфоновдвухзонный климат-контрольаудиосистема с 6 динамикамиэлектропривод багажника","экономия $1 487","Китай","ДВС","SUV","Новый","277","1.5","Передний","Автомат","5","ДВС","Changan X5 PLUS 2026 Second Generation 1.5T Beyond PRO White/Black/Gray — это обновлённый компактный SUV второго поколения с трёхцветным дизайном экстерьера и премиальной отделкой салона. Модель оснащается турбированным 1.5-литровым двигателем Blue Whale мощностью 188 л.с. и 7-ступенчатой роботизированной коробкой передач с двойным сцеплением (DCT). Экстерьер сочетает белый кузов, чёрную крышу и серые акценты на бамперах и зеркалах, интерьер выполнен в монохромной серо-чёрной гамме с глянцевыми и текстурированными вставками.","$0","https://mejdukoles.by/image/cache/catalog/dongchedi/20040388/Changan%20X5%20PLUS%202026%20%20White%2C%20black%2C%20gray%20%281%29-100x100.jpg.webp
https://mejdukoles.by/image/cache/catalog/dongchedi/20040388/Changan%20X5%20PLUS%202026%20%20White%2C%20black%2C%20gray%20%282%29-100x100.jpg.webp
https://mejdukoles.by/image/cache/catalog/dongchedi/20040388/Changan%20X5%20PLUS%202026%20%20White%2C%20black%2C%20gray%20%283%29-100x100.jpg.webp
https://mejdukoles.by/image/cache/catalog/dongchedi/20040388/Changan%20X5%20PLUS%202026%20%20White%2C%20black%2C%20gray%20%284%29-100x100.jpg.webp
https://mejdukoles.by/image/cache/catalog/dongchedi/20040388/Changan%20X5%20PLUS%202026%20%20White%2C%20black%2C%20gray%20%285%29-100x100.jpg.webp"
"1769972821-28","https://mejdukoles.by/ves-katalog-cat/fvs/sostoyanie_noviy/tip-topliva_benzin","https://mejdukoles.by/ves-katalog-cat/gac-trumpchi-gs3-2026-base-configuration-2004038877","$17 609","GAC Trumpchi GS3 2026 Highest Configuration","USD","GAC Trumpchi","$15 850","GAC Trumpchi GS3 2026 Base Configuration — это компактный SUV с турбированным 1.5-литровым двигателем, сочетающий практичность, современный дизайн и доступную цену. Модель оснащается 7-ступенчатой роботизированной коробкой передач DCT и передним приводом, обеспечивая сбалансированную динамику и экономичность в городских условиях.
Базовая комплектация включает цифровую приборную панель, мультимедийную систему с поддержкой Apple CarPlay и Android Auto, а также набор базовых систем безопасности, таких как ABS, EBD и ESP. Экстерьер выполнен в классическом белом цвете, что подчеркивает компактные пропорции и динамичный силуэт автомобиля.ВСЕ ХАРАКТЕРИСТИКИ:мощность двигателя 177 л.с. (130 кВт)объём двигателя 1.5 л (турбонаддув)передний приводтип КПП: 7-ступенчатая DCTгабариты: 4410×1850×1600 ммколёсная база: 2650 ммклиренс: 180 ммрасход топлива (смешанный цикл): ~6.8 л/100 кмБезопасность и ассистенты:﻿6 подушек безопасностиABS + EBDESP / DSCсистема контроля давления в шинах (TPMS)парктроники сзадикамера заднего видарежим «Hill Start Assist»Дизайн и комфорт:белый экстерьер17-дюймовые стальные диски с колпакамитканевый салонмультифункциональный рульцифровая приборная панель 7 дюймовцентральный экран 10.25 дюймаручная регулировка передних сиденийкондиционер (не климат-контроль)поддержка Apple CarPlay / Android Auto","экономия $1 360","Китай","ДВС","SUV","Новый","177","1.5","Передний","Автомат","5","ДВС","GAC Trumpchi GS3 2026 Base Configuration — это компактный SUV с турбированным 1.5-литровым двигателем, сочетающий практичность, современный дизайн и доступную цену. Модель оснащается 7-ступенчатой роботизированной коробкой передач DCT и передним приводом, обеспечивая сбалансированную динамику и экономичность в городских условиях.","$0","https://mejdukoles.by/image/cache/catalog/dongchedi/20040388/GAC%20Trumpchi%20GS3%202026%20Base%20Configuration%20%281%29-100x100.jpg.webp
https://mejdukoles.by/image/cache/catalog/dongchedi/20040388/GAC%20Trumpchi%20GS3%202026%20Base%20Configuration%20%282%29-100x100.jpg.webp
https://mejdukoles.by/image/cache/catalog/dongchedi/20040388/GAC%20Trumpchi%20GS3%202026%20Base%20Configuration%20%283%29-100x100.jpg.webp"
"1769972834-29","https://mejdukoles.by/ves-katalog-cat/fvs/sostoyanie_noviy/tip-topliva_benzin","https://mejdukoles.by/ves-katalog-cat/changan-x5-plus-2026-second-generation-15t-pioneer-pro-whitegray-2004038843","","BYD е2 comfort","USD","Changan","","Changan X5 PLUS 2026 Second Generation 1.5T Pioneer PRO White/Gray — это обновлённый компактный SUV второго поколения с современным дизайном, улучшенной шумоизоляцией и расширенным набором технологий. Модель оснащается турбированным 1.5-литровым двигателем Blue Whale мощностью 188 л.с. и 7-ступенчатой роботизированной коробкой передач с двойным сцеплением (DCT). Экстерьер выполнен в классическом белом цвете с серыми акцентами, интерьер — в светло-серой гамме с комбинированной отделкой.
Комплектация Pioneer PRO включает 10,25-дюймовую цифровую приборную панель, центральный мультимедийный экран 13,2 дюйма с поддержкой Android Auto и Apple CarPlay, систему безопасности Changan Pilot, подогрев передних сидений и двухзонный климат-контроль. Автомобиль предлагает высокий уровень комфорта и технологичности при доступной цене.ВСЕ ХАРАКТЕРИСТИКИ:мощность двигателя 138 кВт (188 л.с.)максимальная скорость 190 км/чкомпактный SUV класса C, габариты 4539×1860×1680 ммразгон до сотни 9,5 секунды объём двигателя 1,5 л (турбированный бензин, Blue Whale)передний приводтопливный бак 55 лрасход топлива 6,9 л/100 км (смешанный цикл)Безопасность и ассистенты:﻿легкосплавные диски R17пакет активной безопасности (EBD/CBC EBA/BA TCS/ASR ESP/DSC)автопилот уровень L1+автоматическое экстренное торможениесистема удержания в полосеадаптивный круиз-контроль (ограниченный диапазон)распознавание дорожных знаков6 подушек безопасностипарктроники задниекамера заднего видасистема контроля давления в шинахДизайн и комфорт:экстерьер: White с серыми декоративными элементамисветодиодные фары и дневные ходовые огнимультируль с цифровой приборной панелью 10,25 дюймовцентральная мультимедийная консоль 13,2 дюйма (Android-based)сиденья из комбинированной ткани и экокожи с серыми вставкамиподогрев передних сиденийаудиосистема с 6 динамикамитонированные задние стекладвухзонный климат-контрольэлектропривод багажника","экономия $1 432","Китай","ДВС","SUV","Новый","188","1.5","Передний","Автомат","5","401","Changan X5 PLUS 2026 Second Generation 1.5T Pioneer PRO White/Gray — это обновлённый компактный SUV второго поколения с современным дизайном, улучшенной шумоизоляцией и расширенным набором технологий. Модель оснащается турбированным 1.5-литровым двигателем Blue Whale мощностью 188 л.с. и 7-ступенчатой роботизированной коробкой передач с двойным сцеплением (DCT). Экстерьер выполнен в классическом белом цвете с серыми акцентами, интерьер — в светло-серой гамме с комбинированной отделкой.","$0","https://mejdukoles.by/image/cache/catalog/dongchedi/20040388/Changan%20X5%20PLUS%202026%20%281%29-100x100.jpg.webp
https://mejdukoles.by/image/cache/catalog/dongchedi/20040388/Changan%20X5%20PLUS%202026%20%282%29-100x100.jpg.webp
https://mejdukoles.by/image/cache/catalog/dongchedi/20040388/Changan%20X5%20PLUS%202026%20%283%29-100x100.jpg.webp
https://mejdukoles.by/image/cache/catalog/dongchedi/20040388/Changan%20X5%20PLUS%202026%20%284%29-100x100.jpg.webp"
